,date,title,dj,categories,featured_image,stream_url,playlist,duration,albums,highlights,id,stats
0,2016-08-09 00:00:00,Vol. 01 åæ‘‡æ»šï¼ï¼ï¼‹å¶åƒç»„åˆï¼Ÿï¼Ÿï¼ sora tob sakana,marusan,"['NO MUSIC, NO IDOL']",/images/banners/1.jpg,http://www.lizhi.fm/1913563/2550147840425133062,"1. sora tob sakanaã€Œæµ·ã«çºã‚ã‚‹è¨€è‘‰ã€(album ver.)
2. sora tob sakanaã€Œå¤ã®æ‰‰ã€(soundcloud ver.)
3. sora tob sakanaã€Œåºƒå‘Šã®è¡—ã€(album ver.)
4. ğŸ™ï¸
5. sora tob sakanaã€Œå¤œç©ºã‚’å…¨éƒ¨ã€(single ver.)
6. sora tob sakanaã€ŒMoon Swimming Weekenderã€(single ver.)
7. ğŸ™ï¸
8. sora tob sakanaã€Œé­”æ³•ã®è¨€è‘‰ã€(single ver.)
9. sora tob sakanaã€Œã¾ã¶ã—ã„ã€(soundcloud ver.)
10. ğŸ™ï¸
11. sora tob sakanaã€ŒãŠã‚„ã™ã¿ã€(soundcloud ver.)",2182,"* [ã€Œsora tob sakanaã€](http://ototoy.jp/_/default/p/64673)
* [ã€Œå¤œç©ºã‚’å…¨éƒ¨ã€](http://ototoy.jp/_/default/p/56860)
* [ã€Œé­”æ³•ã®è¨€è‘‰ã€](http://ototoy.jp/_/default/p/59863)",,2550147840425133062,"{""play"": 2526, ""download"": 120, ""commentCount"": 31}"
1,2016-08-12 00:00:00,Vol. 02 å®˜èƒ½éŸ³ä¹ãƒ»çŸ³é‡å“çƒ,marusan,['Track-Makers tracking'],/images/banners/2.jpg,http://www.lizhi.fm/1913563/2550688377092409862,"1. çŸ³é‡å“çƒã€ŒRapt In Fantasyã€
2. ğŸ™ï¸
3. çŸ³é‡å“çƒã€ŒSeleneã€
4. çŸ³é‡å“çƒã€ŒDawnã€
5. ğŸ™ï¸
6. åŠ è—¤ã¿ã©ã‚Šã€ã²ã°ã‚Šå…ç«¥åˆå”±å›£ã€Œã‚«ãƒ©ãƒ³ã‚³ãƒ­ãƒ³ã®å”„ã€
7. äººç”Ÿã€Œã‚«ãƒ©ãƒ³ã‚³ãƒ­ãƒ³ã®å”„ã€
8. äººç”Ÿã€Œã‚ªãƒ¼ãƒ«ãƒŠã‚¤ãƒˆãƒ­ãƒ³ã‚° (ãŠã‚„ã™ã¿ãƒ´ã‚¡ãƒ¼ã‚¸ãƒ§ãƒ³)ã€
9. äººç”Ÿã€Œä¸–ç•Œã‚ã®åº—ã“ã®åº—ã€
10. ğŸ™ï¸
11. çŸ³é‡å“çƒã€ŒLunatiqueã€",2321,"* [ã€ŒLUNATIQUEã€](http://t.cn/RtprUmH)
* [ã€ŒLUNATIQUEã€](http://t.cn/Rtpr4nu)",,2550688377092409862,"{""play"": 2243, ""download"": 105, ""commentCount"": 18}"
2,2016-08-19 00:00:00,Vol. 03 æˆ‘ä»¬æ¥å¬æ–°å”±ç‰‡ï¼,marusan,['NEW releases'],/images/banners/3.jpg,http://www.lizhi.fm/1913563/2551994715020845062,"1. Especiaã€ŒSaviorã€ï¼ˆfrom 4th EPã€ŒMirageã€2016/08/10ï¼‰
2. å©¦äººå€¶æ¥½éƒ¨ã€Œã‚°ãƒ«ãƒ¡ç´€è¡Œã€ï¼ˆfrom 1st albumã€Œãƒ•ã‚¸ãƒ³ã‚«ãƒ©ãƒ¼ã€2016/07/13ï¼‰
3. ğŸ™ï¸
4. ç´°é‡æ™´è‡£ã€ŒMohicanã€ï¼ˆOnline Single 2016/04/06ï¼‰
5. ã‚¯ã‚¦ãƒãƒ¥ã‚¦æˆ¦ã€Œé­”æ³•ãŒè§£ã‘ã‚‹ã€ï¼ˆfrom 3rd mini-albumã€Œè¶…èƒ½åŠ›ã‚»ãƒ¬ãƒŠãƒ¼ãƒ‡ã€2016/08/03ï¼‰
6. ğŸ™ï¸
7. å‚æœ¬æ…å¤ªéƒã€Œã§ãã‚Œã°æ„›ã‚’ã€ï¼ˆfrom 3rd albumã€Œã§ãã‚Œã°æ„›ã‚’ã€2016/07/27ï¼‰
8. Hauptharmonieã€ŒKidnapper Blues~äººæ”«ã„ã®æ†‚é¬±~ã€ï¼ˆfrom 2nd Albumã€ŒHerz Ã¼ber Kopfã€2016/07/12ï¼‰
9. ğŸ™ï¸
10. BELLRINGå°‘å¥³ãƒãƒ¼ãƒˆã€Œasthmaã€ï¼ˆ5äººver.ï¼‰ï¼ˆfrom 1st collectionã€ŒBEST BRGHã€2016/08/16ï¼‰
11. æ°´æ›œæ—¥ã®ã‚«ãƒ³ãƒ‘ãƒãƒ©ã€Œãƒ„ãƒãƒã‚³ã€ï¼ˆfrom 1st major EPã€ŒUMAã€2016/06/22ï¼‰",2458,"* [ã€ŒMirageã€](http://ototoy.jp/_/default/p/65308)
* [ã€ŒEspeciaã€](https://soundcloud.com/especia)
* [ã€ŒMohicanã€](http://mora.jp/package/43000005/VE3WA-17617/)
* [ã€Œè¶…èƒ½åŠ›ã‚»ãƒ¬ãƒŠãƒ¼ãƒ‡ã€](http://ototoy.jp/_/default/p/64908)
* [ã€Œã§ãã‚Œã°æ„›ã‚’ã€](http://ototoy.jp/_/default/a/64469)
* [ã€ŒBEST BRGHã€](http://ototoy.jp/_/default/p/65204)
* [ã€ŒUMAã€](http://ototoy.jp/_/default/a/85357)",,2551994715020845062,"{""play"": 1295, ""download"": 99, ""commentCount"": 24}"
3,2016-08-26 00:00:00,Vol. 04 æ¢¦è§å¦ä¸€ä¸ªå¤å¤œãƒ»DE DE MOUSE,marusan,['Track-Makers tracking'],/images/banners/4.jpg,http://www.lizhi.fm/1913563/2553284633284748294,"1. DE DE MOUSEã€Œremember nightã€ï¼ˆfrom new EPã€Œsummer twilightã€2016/08/17ï¼‰
2. DE DE MOUSEã€Œsummer twilightã€ï¼ˆfrom new EPã€Œsummer twilightã€2016/08/17ï¼‰
3. ğŸ™ï¸
4. DE DE MOUSEã€Œmilkyway planetã€ï¼ˆfrom EPã€Œto milkyway planetã€2013/08/16ï¼‰
5. DE DE MOUSEã€Œflicks tonightã€ï¼ˆfrom albumã€Œsky was darkã€2012/10/17ï¼‰
6. ğŸ™ï¸
7. DE DE MOUSE & æ°´æ›œæ—¥ã®ã‚«ãƒ³ãƒ‘ãƒãƒ©ã€Œå¦–æ€ªåœ°ç„éŸ³é ­ã€ï¼ˆé’å±±è”åˆå›½å¤§å­¦2015ç›‚å…°ç›†èˆæ´»åŠ¨ã€ŒBDMã€æä¾›æ›²ï¼Œfrom De De Mouseâ€™s SoundCloudï¼‰
8. æœ¨æ‘ã‚«ã‚¨ãƒ©ã€ŒHumpty Dumptyã€ï¼ˆfrom æœ¨æ‘ã‚«ã‚¨ãƒ©â€™s albumã€Œ+1ã€2008/04/02ï¼‰
9. ğŸ™ï¸
10. DE DE MOUSEã€Œa dozen raindropsã€ï¼ˆfrom albumã€Œfarewell holiday!ã€2015/12/02ï¼‰",2480,"* [ã€Œsummer twilightã€](http://ototoy.jp/_/default/p/65169)
* [ã€Œmilkyway planetã€](https://itunes.apple.com/jp/album/milkyway-planet-single/id731273870)
* [ã€Œsky was darkã€](http://ototoy.jp/_/default/p/30479)
* [ã€Œfarewell holiday!ã€](http://ototoy.jp/_/default/p/58001)
* [ã€Œ+1ã€](https://itunes.apple.com/jp/album/+1-tong-chang-pan/id285198465)",,2553284633284748294,"{""play"": 1768, ""download"": 109, ""commentCount"": 18}"
4,2016-09-02 00:00:00,Vol. 05 è¿™ä¸ª Rapper è„–å­ä¸Šçº¹ç€æœå°šçš„è’™å¨œä¸½èãƒ»KOHH,marusan,['J-Hip hop'],/images/banners/5.jpg,http://www.lizhi.fm/1913563/2554597714309330438,"1. KOHHã€Œé£›è¡Œæ©Ÿã€ï¼ˆfrom 1st albumã€Œæ¢”å­ã€2015/01/01ï¼‰
2. KOHHã€ŒiPhone5ã€ï¼ˆfrom 1st albumã€Œæ¢”å­ã€2015/01/01ï¼‰
3. ğŸ™ï¸
4. KOHHã€ŒFuck Swagã€ï¼ˆfrom 2nd albumã€ŒMONOCHROMEã€2014/07/30ï¼‰
5. KOHHã€Œè²§ä¹ãªã‚“ã¦æ°—ã«ã—ãªã„ã€ï¼ˆfrom 2nd albumã€ŒMONOCHROMEã€2014/07/30ï¼‰
6. KOHHã€Œå‹é”ã€ï¼ˆfrom 1st albumã€Œæ¢”å­ã€2015/01/01ï¼‰
7. ğŸ™ï¸
8. KOHHã€ŒDirt Boys (feat. Dutch Montana Loota)ã€ï¼ˆfrom 3rd albumã€ŒDIRTã€2015/10/28ï¼‰
9. KOHHã€ŒLiving Legendã€ï¼ˆfrom 3rd albumã€ŒDIRTã€2015/10/28ï¼‰
10. KOHHã€ŒBusiness and Artã€ï¼ˆfrom 3rd albumã€ŒDIRT IIã€2015/10/28ï¼‰
11. ğŸ™ï¸
12. KOHHã€ŒWhere You at?ã€ï¼ˆfrom 1st albumã€Œæ¢”å­ã€2015/01/01ï¼‰",2690,* å„ä¸“è¾‘æ—¥äºšåŠ æ—¥ iTunes åº”è¯¥éƒ½å¯ä»¥ä¹°åˆ°ã€‚,,2554597714309330438,"{""play"": 3622, ""download"": 111, ""commentCount"": 19}"
5,2016-09-09 00:00:00,Vol. 06 æ£®æ—ä¸­çš„ç°ä»£éŸ³ä¹å°‘å¥³ãƒ»Maison Book Girl,marusan,"['NO MUSIC, NO IDOL']",/images/banners/6.jpg,http://www.lizhi.fm/1913563/2555606984380017670,"1. Maison book girlã€Œbath room (intro)ã€ï¼ˆfrom 1st albumã€Œbath roomã€2015/09/23ï¼‰
2. Maison book girlã€Œbath roomã€ï¼ˆfrom 1st albumã€Œbath roomã€2015/09/23ï¼‰
3. Maison book girlã€Œmy cutã€ï¼ˆfrom 1st albumã€Œbath roomã€2015/09/23ï¼‰
4. ğŸ™ï¸
5. Maison book girlã€Œæœ€å¾Œã®ã‚ˆã†ãªå½¼å¥³ã®æ›²ã€ï¼ˆfrom 1st albumã€Œbath roomã€2015/09/23ï¼‰
6. Maison book girlã€Œsnow ironyã€ï¼ˆfrom 1st albumã€Œbath roomã€2015/09/23ï¼‰
7. ğŸ™ï¸
8. ãšã‚“ã­ from JC-WCã€Œ14æ‰ã®ãŠã—ãˆã¦ã€ï¼ˆfrom singleã€Œ14æ‰ã®ãŠã—ãˆã¦ã€2015/11/18ï¼‰
9. ã„ãšã“ã­ã“ã€Œlast cat factoryã€ï¼ˆfrom 1st albumã€Œæœ€å¾Œã®çŒ«å·¥å ´ã€2012/08/04ï¼‰
10. ğŸ™ï¸
11. Maison book girlã€Œblue lightã€ï¼ˆfrom 1st EPã€Œsummer continueã€2015/03/30ï¼‰",2282,"* [ã€Œbathroomã€](http://ototoy.jp/_/default/p/56209)
* [ã€Œsummer continueã€](http://ototoy.jp/_/default/p/61520)
* [ã€Œ14æ‰ã®ãŠã—ãˆã¦ã€](http://ototoy.jp/_/default/p/57974)
* [ã€Œæœ€å¾Œã®çŒ«å·¥å ´ã€](http://mora.jp/package/43000074/TCJPR0000129848)",,2555606984380017670,"{""play"": 1482, ""download"": 103, ""commentCount"": 20}"
6,2016-09-16 00:00:00,Vol. 07 é‚£äº›è®©äººéš¾ä»¥èˆå¼ƒçš„æ­Œ,marusan,['songs for a break'],/images/banners/7.jpg,http://www.lizhi.fm/1913563/2557068909643039238,"1. sora tob sakanaã€Œsummer planã€ï¼ˆfrom 1st albumã€Œsora tob sakanaã€2016/07/26ï¼‰
2. ğŸ™ï¸
3. çŸ³é‡å“çƒã€ŒFetishã€ï¼ˆfrom 10th(?) albumã€ŒLunatiqueã€2016/08/03ï¼‰
4. ğŸ™ï¸
5. æ°´æ›œæ—¥ã®ã‚«ãƒ³ãƒ‘ãƒãƒ©ã€Œãƒ•ã‚§ãƒ‹ãƒƒã‚¯ã‚¹ã€ï¼ˆfrom 1st major EPã€ŒUMAã€2016/06/22ï¼‰
6. ğŸ™ï¸
7. ä¹™å¥³æ–°å…šã€Œãƒ„ãƒãƒã‚³ã£ã¦ã„ã‚‹ã¨æ€ã†...?ã€ï¼ˆfrom 2nd albumã€Œä¹™å¥³æ–°å…š ç¬¬äºŒå¹• ï½æ—…ç«‹ã¡ã®ã†ãŸï½ã€2016/06/29ï¼‰
8. ğŸ™ï¸
9. DE DE MOUSEã€Œold friend's songã€ï¼ˆfrom 4th EPã€Œto milkyway planetã€2013/08/16ï¼‰
10. ğŸ™ï¸
11. KOHHã€ŒBe Meã€ï¼ˆfrom 3rd albumã€ŒDIRTã€2015/10/28ï¼‰
12. ğŸ™ï¸
13. Maison book girlã€Œlast sceneã€ï¼ˆfrom 1st albumã€Œbath roomã€2015/09/23ï¼‰
14. ğŸ™ï¸
15. sora tob sakanaã€Œã‚¯ãƒ©ã‚¦ãƒãƒ³ã‚°ã‚¹ã‚¿ãƒ¼ãƒˆã€ï¼ˆfrom 1st singleã€Œå¤œç©ºã‚’å…¨éƒ¨ã€2015/10/10ï¼‰",2698,"* [ã€Œsora tob sakanaã€](http://ototoy.jp/_/default/p/64673)
* [ã€ŒLUNATIQUEã€](http://t.cn/RtprUmH)
* [ã€ŒLUNATIQUEã€](http://t.cn/Rtpr4nu=)
* [ã€ŒUMAã€](http://ototoy.jp/_/default/a/85357)
* [ã€Œä¹™å¥³æ–°å…š ç¬¬äºŒå¹• ï½æ—…ç«‹ã¡ã®ã†ãŸï½ã€](http://ototoy.jp/_/default/p/63294)
* [ã€Œbathroomã€](http://ototoy.jp/_/default/p/56209)
* [ã€Œå¤œç©ºã‚’å…¨éƒ¨ã€](http://ototoy.jp/_/default/p/56860)",,2557068909643039238,"{""play"": 1412, ""download"": 92, ""commentCount"": 10}"
7,2016-09-23 00:00:00,Vol. 08 From City To Urbanãƒ»2010å¹´ä»£çš„ City Pop,minami,['brand new band'],/images/banners/8.jpg,http://www.lizhi.fm/1913563/2558376059315751430,"1. Ceroã€ŒYellow Magusã€ï¼ˆfrom 3rd albumã€ŒObscure Rideã€2015/05/27ï¼‰
2. ç‹èˆŸã€Œãƒ‡ã‚£ã‚¹ã‚³ãƒ–ãƒ©ã‚¸ãƒ« (Alone)ã€ï¼ˆfrom 2nd albumã€ŒPICTUREã€2016/01/20ï¼‰
3. ğŸ™ï¸
4. Yogee New Wavesã€ŒClimax Night (album version)ã€ï¼ˆfrom 1st albumã€ŒPARAISOã€2014/09/10ï¼‰
5. never young beachã€Œã¡ã‚‡ã£ã¨å¾…ã£ã¦ã‚ˆã€ï¼ˆfrom 1st albumã€ŒYASHINOKI HOUSEã€2015/05/13ï¼‰
6. ğŸ™ï¸
7. Awesome City Clubã€Œæ¶™ã®ä¸Šæµ·ãƒŠã‚¤ãƒˆï¼ˆfrom 1st albumã€ŒAwesome City Tracksã€ 2015/4/8ï¼‰
8. Suchmosã€ŒYMMã€ï¼ˆfrom 1st albumã€ŒTHE BAYã€2015/07/08ï¼‰
9. ğŸ™ï¸
10. Lucky Tapesã€ŒMOONã€ï¼ˆfrom 2nd albumã€ŒCIGARETTE & ALCOHOLã€2016/07/06ï¼‰",2552,"* [ã€ŒObscure Rideã€](http://ototoy.jp/_/default/p/52326)
* [ã€ŒObscure Rideã€](https://itunes.apple.com/jp/album/picture/id1068330026)
* [ã€ŒPARAISOã€](http://ototoy.jp/_/default/p/45060)
* [ã€ŒYASHINOKI HOUSEã€](http://ototoy.jp/_/default/p/52090)
* [ã€ŒAwesome City Tracksã€](http://mora.jp/package/43000005/NCS-10093/)
* [ã€ŒThe Bayã€](http://ototoy.jp/_/default/p/53260)
* [ã€ŒCIGARETTE & ALCOHOLã€](http://ototoy.jp/_/default/p/63842)",,2558376059315751430,"{""play"": 2161, ""download"": 111, ""commentCount"": 17}"
8,2016-09-30 00:00:00,Vol. 09 Two OK Bandsãƒ»ç©ºä¸­æˆ˜ x Lucky Tapes,marusan,['brand new band'],/images/banners/9.jpg,http://www.lizhi.fm/1913563/2559428300534342662,"1. ã‚¯ã‚¦ãƒãƒ¥ã‚¦æˆ¦ã€Œè¿½è·¡ã•ã‚Œã¦ã‚‹ã€ï¼ˆfrom 1st mini albumã€Œã‚³ãƒ³ãƒ‘ã‚¯ãƒˆã€2015/05/13ï¼‰
2. ã‚¯ã‚¦ãƒãƒ¥ã‚¦æˆ¦ã€ŒAmoreã€ï¼ˆfrom 1st mini albumã€Œã‚³ãƒ³ãƒ‘ã‚¯ãƒˆã€2015/05/13ï¼‰
3. ğŸ™ï¸
4. ã‚¯ã‚¦ãƒãƒ¥ã‚¦æˆ¦ã€Œé›¨æ¨¡æ§˜ã§ã™ã€ï¼ˆfrom 2nd mini albumã€ŒSukoshi Fushigiã€2016/01/20)
5. ã‚¯ã‚¦ãƒãƒ¥ã‚¦æˆ¦ã€Œä½œã‚‰ã‚ŒãŸæ­Œã€ï¼ˆfrom 1st mini albumã€Œã‚³ãƒ³ãƒ‘ã‚¯ãƒˆã€2015/05/13ï¼‰
6. ğŸ™ï¸
7. Lucky Tapesã€Œè´…æ²¢ãªç½ ã€ï¼ˆfrom 2nd albumã€ŒCigarette & Alcoholã€2016/07/06ï¼‰
8. Lucky Tapesã€Œãƒ‘ãƒ¬ãƒ¼ãƒ‰ã€ï¼ˆfrom 2nd albumã€ŒCigarette & Alcoholã€2016/07/06ï¼‰
9. ğŸ™ï¸
10. Lucky Tapesã€ŒMILKã€ï¼ˆfrom 2nd albumã€ŒCigarette & Alcoholã€2016/07/06ï¼‰
11. Lucky Tapesã€ŒTONIGHT!ã€ï¼ˆfrom 2nd albumã€ŒCigarette & Alcoholã€2016/07/06ï¼‰",2475,"* [ã€Œã‚³ãƒ³ãƒ‘ã‚¯ãƒˆã€](http://ototoy.jp/_/default/p/51166)
* [ã€ŒSukoshi Fushigiã€](http://ototoy.jp/_/default/p/59394)
* [ã€ŒCigarette & Alcoholã€](http://ototoy.jp/_/default/p/63842)",,2559428300534342662,"{""play"": 1399, ""download"": 87, ""commentCount"": 14}"
9,2016-10-07 00:00:00,Vol. 10 å®‡å¤šç”°å…‰ä¹‹åãƒ»å¤§æ¯”è‰¯ç‘å¸Œ x Okamoto Emi,marusan,['After Hikki'],/images/banners/10.jpg,http://www.lizhi.fm/1913563/2560764069721117190,"1. å¤§æ¯”è‰¯ç‘å¸Œã€ŒTIME LIMITã€ï¼ˆfrom 1st Albumã€ŒTRUE ROMANCEã€2016/07/06ï¼‰
2. ğŸ™ï¸
3. å¤§æ¯”è‰¯ç‘å¸Œã€Œå¾®ç†±ã€ï¼ˆfrom 1st Albumã€ŒTRUE ROMANCEã€2016/07/06ï¼‰
4. å¤§æ¯”è‰¯ç‘å¸Œã€ŒSunday Mondayã€ï¼ˆfrom 1st Albumã€ŒTRUE ROMANCEã€2016/07/06ï¼‰
5. ğŸ™ï¸
6. ãŠã‹ã‚‚ã¨ãˆã¿ã€ŒHIT NUMBERã€ï¼ˆfrom 1st Albumã€Œã‚¹ãƒˆãƒ©ã‚¤ã‚¯ï¼ã€2015/11/18ï¼‰
7. ãŠã‹ã‚‚ã¨ãˆã¿ã€Œã²ã¿ã¤ã€ï¼ˆfrom EPã€ŒPOOLã€2016/06/22ï¼‰
8. ğŸ™ï¸
9. ãŠã‹ã‚‚ã¨ãˆã¿ã€Œæ±äº¬ã‚µãƒ¼ãƒãƒ©ã‚¤ãƒˆã€ï¼ˆfrom 1st Albumã€Œã‚¹ãƒˆãƒ©ã‚¤ã‚¯ï¼ã€2015/11/18ï¼‰
10. ãŠã‹ã‚‚ã¨ãˆã¿ã€Œã‚‚ã—ã‚‚ã‚’é¸ã‚“ã ã‚ã¨ã§ã€ï¼ˆfrom Compilationã€Œãƒ¢ãƒŠãƒ¬ã‚³ãƒ»ã‚³ãƒ³ãƒ” ï½ã‹ã‘ã ã—ã¦ãï½ã€2015/07/15ï¼‰
11. ğŸ™ï¸
12. ãƒ•ãƒ¬ãƒ³ã‚ºã€Œå¤œã«ãƒ€ãƒ³ã‚¹ã€ï¼ˆfrom 1st Mini Albumã€Œã‚·ãƒ§ãƒ¼ãƒ»ãƒãƒ¥ãƒ¼ãƒ³ã€2016/05/25ï¼‰",2462,"* [ã€ŒTRUE ROMANCEã€](http://ototoy.jp/_/default/p/63970)
* [ã€Œã‚¹ãƒˆãƒ©ã‚¤ã‚¯ï¼ã€](http://ototoy.jp/_/default/a/125396)
* [ã€ŒPOOLã€](http://ototoy.jp/_/default/a/125396)",,2560764069721117190,"{""play"": 2512, ""download"": 110, ""commentCount"": 15}"
10,2016-10-14 00:00:00,Vol. 11 æˆ‘ä»¬æ¥å¬æ–°å”±ç‰‡ï¼ï¼,mimida,['NEW releases'],/images/banners/11.jpg,http://www.lizhi.fm/1913563/2562283983487376390,"1. æ°´æ›œæ—¥ã®ã‚«ãƒ³ãƒ‘ãƒãƒ©ã€Œæ¾å°¾èŠ­è•‰ã€ï¼ˆTOYOTA CM song 2016/08/29ï¼‰
2. æŸ´å±±ä¸€å¹¸ featuring äº•å‡ºã¡ã‚ˆã®ã€çŸ³ç”°å½°ã€ŒThat&`&s the wayã€ï¼ˆfrom 6th albumã€ŒFly Fly Flyã€2016/10/05ï¼‰
3. ğŸ™ï¸
4. å¹³æ²¢é€²ã€Œç°ã‚ˆã€ï¼ˆfrom soundtrack collectionã€ŒAsh Crowã€ 2016/09/14ï¼‰
5. DOTAMA Ã— Kuma the Sureshotã€ŒçœŸé¢ç›®ãªç”·ã€ï¼ˆfrom collab albumã€Œ DIRECTORYã€2016/09/01ï¼‰
6. ğŸ™ï¸
7. BiSHã€Œã‚ªãƒ¼ã‚±ã‚¹ãƒˆãƒ©ã€ï¼ˆfrom 3rd albumã€ŒKiLLER BiSHã€2016/10/05, iTunes ver. 2016/09/05ï¼‰
8. ä½ã€…æœ¨å½©å¤ã€Œã‚ãƒ¼ã‚Šã‚“ã¯ã‚ãƒ¼ã‚Šã‚“â™¡ã€ï¼ˆfrom digital singleã€Œã‚ãƒ¼ã‚Šã‚“ã¯ã‚ãƒ¼ã‚Šã‚“â™¡ã€2016/09/28ï¼‰
9. ğŸ™ï¸
10. ã‚‚ã‚‚ã„ã‚ã‚¯ãƒ­ãƒ¼ãƒãƒ¼Zã€ŒDECORATIONã€ï¼ˆfrom 16th singleã€Œã‚¶ãƒ»ã‚´ãƒ¼ãƒ«ãƒ‡ãƒ³ãƒ»ãƒ’ã‚¹ãƒˆãƒªãƒ¼ã€2016/09/07ï¼‰
11. AOKOã€ŒFASHIONã€ï¼ˆfrom 2nd major singleã€Œã‚‚ã—ã‚‚åƒ•ã‚‰ãŒGAMEã®ä¸»å½¹ã§ / ãƒ€ã‚¤ã‚¹ã‚­ with TeddyLoid / BANG!ã€2016/09/14ï¼‰",2874,"* [ã€ŒThat's the wayã€](http://ototoy.jp/_/default/p/66734)
* [ã€ŒFly Fly Flyã€](http://ototoy.jp/_/default/a/96651)
* [ã€ŒDIRECTORYã€](http://ototoy.jp/_/default/p/66569)
* [ã€ŒKiLLER BiSHã€](http://ototoy.jp/_/default/a/114516)
* [ã€Œã‚ãƒ¼ã‚Šã‚“ã¯ã‚ãƒ¼ã‚Šã‚“â™¡ã€](https://itunes.apple.com/jp/album/arinhaarin-single/id1154417895)
* [ã€Œã‚¶ãƒ»ã‚´ãƒ¼ãƒ«ãƒ‡ãƒ³ãƒ»ãƒ’ã‚¹ãƒˆãƒªãƒ¼ã€](https://itunes.apple.com/jp/album/za-goruden-hisutori/id1146341256?l=en)
* [ã€Œã‚‚ã—ã‚‚åƒ•ã‚‰ãŒGAMEã®ä¸»å½¹ã§ / ãƒ€ã‚¤ã‚¹ã‚­ with TeddyLoid / BANG!ã€](http://ototoy.jp/_/default/a/114504)",,2562283983487376390,"{""play"": 3139, ""download"": 114, ""commentCount"": 29}"
11,2016-10-21 00:00:00,Vol. 12 å½“æˆ‘è°ˆæ‘‡æ»šçš„æ—¶å€™æˆ‘åœ¨è°ˆå¶åƒãƒ»BiSH,mimida,"['NO MUSIC, NO IDOL']",/images/banners/12.jpg,http://www.lizhi.fm/1913563/2563588347875550726,"1. BiSHã€Œã‚¹ãƒ‘ãƒ¼ã‚¯ &`&16ã€ï¼ˆfrom 2nd albumã€FAKE METAL JACKETã€2016/01/20ï¼‰
2. BiSHã€ŒBiSH -æ˜ŸãŒç¬ãå¤œã«- &`&16ã€ï¼ˆfrom 2nd albumã€FAKE METAL JACKETã€2016/01/20ï¼‰
3. ğŸ™ï¸
4. BiSHã€ŒDEADMAN (2nd)ã€ï¼ˆfrom 3rd albumã€KiLLER BiSHã€2016/10/05ï¼‰
5. BiSHã€Œæœ¬å½“æœ¬æ°—ã€ï¼ˆfrom 3rd albumã€KiLLER BiSHã€2016/10/05ï¼‰
6. BiSHã€ŒHey Gateã€ï¼ˆfrom 3rd albumã€KiLLER BiSHã€2016/10/05ï¼‰
7. ğŸ™ï¸
8. BiSHã€ŒStairway to Meã€ï¼ˆfrom 3rd albumã€KiLLER BiSHã€2016/10/05ï¼‰
9. BiSHã€Œsummertimeã€ï¼ˆfrom 3rd albumã€KiLLER BiSHã€2016/10/05ï¼‰
10. ğŸ™ï¸
11. BiSHã€ŒPrimitiveã€ï¼ˆfrom 2nd albumã€FAKE METAL JACKETã€2016/01/20) + hidden track",3423,* [BiSHå„ä¸“è¾‘](http://ototoy.jp/_/default/a/114516),,2563588347875550726,"{""play"": 1800, ""download"": 70, ""commentCount"": 8}"
12,2016-10-28 00:00:00,Vol. 13 å¦‚æœæœ‰ä¸å¬3776çš„ç†ç”±çš„è¯ãƒ»3776 (season 3),mimida,"['NO MUSIC, NO IDOL']",/images/banners/13.jpg,http://www.lizhi.fm/1913563/2564919751230012934,"1. 3776ã€ŒIntroductionã€ï¼ˆfrom 2nd album of season #3ã€Œ3776ã‚’è´ã‹ãªã„ç†ç”±ãŒã‚ã‚‹ã¨ã™ã‚Œã°ã€2015/10/28ï¼‰
2. 3776ã€Œç™»ã‚‰ãªã„ç†ç”±ãŒã‚ã‚‹ã¨ã™ã‚Œã°ã€ï¼ˆfrom 2nd album of season #3ã€Œ3776ã‚’è´ã‹ãªã„ç†ç”±ãŒã‚ã‚‹ã¨ã™ã‚Œã°ã€2015/10/28ï¼‰
3. 3776ã€Œæ´çªŸæ¢æ¤œã€ï¼ˆfrom 2nd album of season #3ã€Œ3776ã‚’è´ã‹ãªã„ç†ç”±ãŒã‚ã‚‹ã¨ã™ã‚Œã°ã€2015/10/28
4. ğŸ™ï¸
5. 3776ã€Œæ˜¥ãŒããŸã€ï¼ˆfrom 2nd album of season #3ã€Œ3776ã‚’è´ã‹ãªã„ç†ç”±ãŒã‚ã‚‹ã¨ã™ã‚Œã°ã€2015/10/28
6. 3776ã€Œæ¹§ç‰æ± ä¾¿ã‚Šã€ï¼ˆfrom 2nd album of season #3ã€Œ3776ã‚’è´ã‹ãªã„ç†ç”±ãŒã‚ã‚‹ã¨ã™ã‚Œã°ã€2015/10/28ï¼‰
7. ğŸ™ï¸
8. 3776 Extendedã€Œåƒ•ã ã‘ã®ãƒãƒƒãƒ”ãƒ¼ã‚¨ãƒ³ãƒ‰ã€ï¼ˆfrom singleã€Œåƒ•ã ã‘ã®ãƒãƒƒãƒ”ãƒ¼ã‚¨ãƒ³ãƒ‰ã€2016/06/15ï¼‰
9. ğŸ™ï¸
10. 3776ã¨å­¦åœ’ç¥­å­¦åœ’ã€Œã¾ã¼ã‚ã—éŸ³æ¥½ã€ï¼ˆfrom singleã€Œã¾ã¼ã‚ã—éŸ³æ¥½ã€2015/09/23ï¼‰",2824,"* [ã€Œ3776ã‚’è´ã‹ãªã„ç†ç”±ãŒã‚ã‚‹ã¨ã™ã‚Œã°ã€](http://ototoy.jp/_/default/p/56670)
* [ã€Œåƒ•ã ã‘ã®ãƒãƒƒãƒ”ãƒ¼ã‚¨ãƒ³ãƒ‰ã€](http://ototoy.jp/_/default/p/63330)
* [ã€Œã¾ã¼ã‚ã—éŸ³æ¥½ã€](http://ototoy.jp/_/default/p/57040)",,2564919751230012934,"{""play"": 1227, ""download"": 71, ""commentCount"": 8}"
13,2016-11-04 00:00:00,Vol. 14 GREAT SONGS TAKE REVENGE,mimida,['songs for a break'],/images/banners/14.jpg,http://www.lizhi.fm/1913563/2566174285405687302,"1. æ±äº¬å¥³å­æµã€Œæ·±æµ· -Hi-ra Mix-ã€ï¼ˆfrom 20th singleã€Œæ·±æµ·ã€2016/08/31ï¼‰
2. ğŸ™ï¸
3. ã‚¯ã‚¦ãƒãƒ¥ã‚¦æˆ¦ã€Œç™½ã„åä»£ã€ï¼ˆlive at æ–°å®¿dues 2015/12/03ï¼‰
4. ğŸ™ï¸
5. ceroã€ŒSummer Soulã€ï¼ˆfrom 3rd albumã€ŒObscure Rideã€2015/05/27ï¼‰
6. ğŸ™ï¸
7. LUCKY TAPESã€Œä½“æ¸©ã€ï¼ˆfrom 3rd singleã€ŒMOONã€2016/01/13ï¼‰
8. ğŸ™ï¸
9. 3776ã€Œæ™‚ç©ºãƒ©ãƒ–ãƒ¬ã‚¿ãƒ¼ï½ã‚¢ãƒ•ã‚¿ãƒ¼å¤§å™´ç«ã®ä¸–ç•Œã®å›ã¸ï½ã€ï¼ˆfrom 1st album of season #3ã€Œãƒ©ãƒ–ãƒ¬ã‚¿ãƒ¼ã€2014/12/28ï¼‰",3009,"* [ã€Œæ·±æµ·ã€](http://ototoy.jp/_/default/a/108323)
* [ã€ŒObscure Rideã€](http://ototoy.jp/_/default/p/52326)
* [ã€ŒMOONã€](http://ototoy.jp/_/default/p/63774)
* [ã€Œãƒ©ãƒ–ãƒ¬ã‚¿ãƒ¼ã€](http://ototoy.jp/_/default/p/63329)",,2566174285405687302,"{""play"": 1539, ""download"": 56, ""commentCount"": 14}"
14,2016-11-18 00:00:00,Vol. 15 METAFIVEãƒ»å¹³å‡å¹´é¾„48å²çš„æ–°äººä¹é˜Ÿ,minami,['brand new band'],/images/banners/15.jpg,http://www.lizhi.fm/1913563/2568731068473135110,"1. METAFIVEã€ŒDonâ€™t Moveã€ï¼ˆfrom 1st albumã€ŒMETAã€2016/01/13ï¼‰
2. METAFIVEã€ŒMaisieâ€™s Avenueã€ï¼ˆfrom 1st albumã€ŒMETAã€2016/01/13ï¼‰
3. ğŸ™ï¸
4. METAFIVEã€ŒMusical Chairsã€ï¼ˆfrom 1st EPã€ŒMETAHALFã€2016/11/09ï¼‰
5. METAFIVEã€ŒSubmarineã€ï¼ˆfrom 1st EPã€ŒMETAHALFã€2016/11/09ï¼‰
6. ğŸ™ï¸
7. æœ¬çœŸç¶¾xã‚³ãƒ¼ãƒãƒªã‚¢ã‚¹ã€Œã¾ã ã†ã”ãã€ï¼ˆfrom Singleã€Œã‚ãªãŸã‚’ä¿ã¤ã‚‚ã®ï¼ã¾ã ã†ã”ãã€2015/6/7ï¼‰
8. ã‚µã‚«ãƒŠã‚¯ã‚·ãƒ§ãƒ³ã€ŒMusic (Cornelius Remix)ã€ï¼ˆfrom remix albumã€ŒConstellations Of Musicã€2015/08/19ï¼‰
9. ğŸ™ï¸
10. METAFIVEã€ŒLuv U Tokioã€ï¼ˆfrom live albumã€ŒMETALIVEã€2016/08/17ï¼‰",2792,* ç›¸å…³å”±ç‰‡ amazon.co.jp æˆ–è€… Apple Music æ—¥æœ¬åº—åº”è¯¥éƒ½æœ‰ã€‚,,2568731068473135110,"{""play"": 1645, ""download"": 63, ""commentCount"": 9}"
15,2016-11-25 00:00:00,Vol. 16 æ—‹é£èˆ¬ç ´åï¼Œæµæ˜Ÿèˆ¬ç’€ç’¨ãƒ»BiS -æ–°ç”ŸIDOLç ”ç©¶ä¼š-,stygian,"['NO MUSIC, NO IDOL']",/images/banners/16.jpg,http://www.lizhi.fm/1913563/2570191651557514758,"1. BiSã€ŒIDOLã€ï¼ˆfrom 2nd albumã€IDOL is DEADã€2012/10/24ï¼‰
2. BiSã€ŒFlyã€ï¼ˆfrom 3rd albumã€WHO KiLLED IDOL?ã€2014/03/15ï¼‰
3. ğŸ™ï¸
4. BiSã€ŒBiSBiSã€ï¼ˆfrom 4th albumã€Brand-New Idol Society 2ã€2016/11/16ï¼‰
5. BiSã€ŒCHANGE the WORLDã€ï¼ˆfrom 4th albumã€Brand-New Idol Society 2ã€2016/11/16ï¼‰
6. ğŸ™ï¸
7. BiSã€ŒBiSã€ï¼ˆfrom 4th albumã€Brand-New Idol Society 2ã€2016/11/16ï¼‰
8. BiSã€Œå¤ªé™½ã®ã˜ã‚…ã‚‚ã‚“ã€ï¼ˆfrom 4th albumã€Brand-New Idol Society 2ã€2016/11/16ï¼‰
9. ğŸ™ï¸
10. BiSã€Œanimalã€ï¼ˆfrom 1st singleã€My Ixxxã€2011/08/03ï¼‰
11. BiSã€Œprimal.ã€ï¼ˆfrom 3rd singleã€primal.ã€2011/12/21ï¼‰",2924,"* [ã€ŒIDOL is DEADã€](http://ototoy.jp/_/default/p/30513)
* [ã€ŒWHO KiLLED IDOL?ã€](http://ototoy.jp/_/default/p/40888)
* [ã€ŒBrand-New Idol Society 2ã€](http://ototoy.jp/_/default/p/68096)
* [ã€ŒMy Ixxxã€](http://ototoy.jp/_/default/p/21472)
* [ã€Œprimal.ã€](http://ototoy.jp/_/default/p/24262)",,2570191651557514758,"{""play"": 936, ""download"": 53, ""commentCount"": 5}"
16,2016-12-02 00:00:00,Vol. 17 æ¸…é¾™äºº25ãƒ»èµ¶åœ¨â™¡ä¸€å¤«å¤šå¦»åˆ¶â™¡å¶åƒç»„åˆè§£æ•£ä¹‹å‰,mimida,"['NO MUSIC, NO IDOL']",/images/banners/17.jpg,http://www.lizhi.fm/1913563/2571000207068722182,"1. æ¸…ç«œäºº25ã€ŒWillâ™¡Youâ™¡Marryâ™¡Me?ã€ï¼ˆfrom 1st albumã€PROPOSEã€2015/09/02ï¼‰
2. æ¸…ç«œäºº25ã€ŒMr. Play Boy...â™¡ã€ï¼ˆfrom 1st albumã€PROPOSEã€2015/09/02ï¼‰
3. ğŸ™ï¸
4. æ¸…ç«œäºº Ã— æ¸…å’²ä¹ƒã€Œã‚­ãƒãƒãƒˆã‚°ãƒ©ãƒ•ã‚’â™¡ã€ï¼ˆfrom duet EPã€DUETã€2016/04/01ï¼‰
5. æ¸…ç«œäºº Ã— æ¸…æ¡ƒèŠ±ã€Œã‚¢ã‚«ã‚·ãƒƒã‚¯â™¡ãƒ¬ã‚³ãƒ¼ãƒ‰ã€ï¼ˆfrom duet EPã€DUETã€2016/04/01ï¼‰
6. ğŸ™ï¸
7. æ¸…ç«œäºº25ã€ŒChristmasâ™¡Symphonyã€ï¼ˆfrom singleã€Christmasâ™¡Symphonyã€2015/12/02ï¼‰
8. æ¸…ç«œäºº25ã€ŒCallâ™¡Meâ™¡Babyã€ï¼ˆfrom 1st albumã€PROPOSEã€2015/09/02ï¼‰
9. ğŸ™ï¸
10. æ¸…ç«œäºº Ã— æ¸…äºœç¾ã€ŒI Love Youã¯ã‚ãªãŸã ã‘â™¡ã€ï¼ˆfrom duet EPã€DUETã€2016/04/01ï¼‰
11. æ¸…ç«œäºº Ã— æ¸…ç¾å’²ã€Œã¾ã‚‹ã§å˜˜ã®ã‚ˆã†ã«â€¦â™¡ã€ï¼ˆfrom duet EPã€DUETã€2016/04/01ï¼‰",2526,"* [ã€ŒPROPOSEã€](http://ototoy.jp/_/default/p/55281)
* [ã€ŒDUETã€](http://ototoy.jp/_/default/p/61679/)
* [ã€ŒChristmasâ™¡Symphonyã€](http://ototoy.jp/_/default/p/58135/)",,2571000207068722182,"{""play"": 1108, ""download"": 44, ""commentCount"": 1}"
17,2016-12-09 00:00:00,Vol. 18 ç§ç«‹æƒ æ¯”å¯¿ä¸­å­¦ãƒ»å”±ç‰‡å…¬å¸æ²¡æ•¢é€‰çš„ Ebichu BEST,mimida,"['NO MUSIC, NO IDOL']",/images/banners/18.jpg,http://www.lizhi.fm/1913563/2572660731619576838,"1. ç§ç«‹æµæ¯”å¯¿ä¸­å­¦ã€Œç§ç«‹æµæ¯”å¯¿ä¸­å­¦ã®æ—¥å¸¸ (Prologue)ï¼šäºŒä¹—ã®äº‹æƒ…ã€ï¼ˆfrom 2nd albumã€é‡‘å…«ã€2015/01/28ï¼‰
2. ç§ç«‹æµæ¯”å¯¿ä¸­å­¦ã€Œãƒ†ãƒ–ãƒ©ãƒ‡ã‚¹ã‚­ãƒ¼ ï½é’æ˜¥ãƒªãƒãƒ†ã‚£ï½ã€ï¼ˆfrom 2nd albumã€é‡‘å…«ã€2015/01/28ï¼‰
3. ç§ç«‹æµæ¯”å¯¿ä¸­å­¦ã€Œã‚­ãƒ³ã‚°ã‚ªãƒ–å­¦èŠ¸ä¼šã®ãƒ†ãƒ¼ãƒ ï½Nu Skool Teenage Riotï½ã€ï¼ˆfrom 2nd albumã€é‡‘å…«ã€2015/01/28ï¼‰
4. ğŸ™ï¸
5. ç§ç«‹æµæ¯”å¯¿ä¸­å­¦ã€Œã‚¼ãƒƒãƒ†ãƒ¼ã‚¢ãƒŠãƒ¼ã‚­ãƒ¼ã€ï¼ˆfrom 3rd albumã€ç©´ç©ºã€2016/04/20ï¼‰
6. ç§ç«‹æµæ¯”å¯¿ä¸­å­¦ã€Œé¢çš°ã€ï¼ˆfrom 3rd albumã€ç©´ç©ºã€2016/04/20ï¼‰
7. ğŸ™ï¸
8. ç§ç«‹æµæ¯”å¯¿ä¸­å­¦ã€Œä¸­äººDANCE MUSICã€ï¼ˆfrom 1st albumã€ä¸­äººã€2013/07/24 ï¼‰
9. ç§ç«‹æµæ¯”å¯¿ä¸­å­¦ã€Œè²·ã„ç‰©ã—ã‚ˆã†ã¨ç”ºç”°ã¸ã€ï¼ˆfrom 2nd albumã€é‡‘å…«ã€2015/01/28ï¼‰
10. ğŸ™ï¸
11. ç§ç«‹æµæ¯”å¯¿ä¸­å­¦ã€Œå¹¸ã›ã®è²¼ã‚Šç´™ã¯ã„ã¤ã‚‚èƒŒä¸­ã«ã€ï¼ˆfrom 2nd albumã€é‡‘å…«ã€2015/01/28ï¼‰
12. ç§ç«‹æµæ¯”å¯¿ä¸­å­¦ã€Œå‚æšç›®ã®ã‚¿ãƒ•ã‚¬ã‚­ã€ï¼ˆfrom 3rd albumã€ç©´ç©ºã€2016/04/20ï¼‰",2868,"* [ã€Œä¸­äººã€](http://www.sonymusic.co.jp/Music/Info/ebichu/ebichunin/)
* [ã€Œé‡‘å…«ã€](http://www.kinpachi.net/)
* [ã€Œç©´ç©ºã€](http://www.sonymusic.co.jp/Music/Info/ebichu/anarchy/)
* ç›¸å…³å”±ç‰‡ amazon.co.jp æˆ–è€… Apple Music æ—¥æœ¬åº—åº”è¯¥éƒ½æœ‰ã€‚",,2572660731619576838,"{""play"": 3305, ""download"": 65, ""commentCount"": 8}"
18,2016-12-16 00:00:00,Vol. 19-1 æˆ‘ä»¬æ¥å¬æ–°å”±ç‰‡ï¼ï¼ï¼,mimida,['NEW releases'],/images/banners/19-1.jpg,https://www.lizhi.fm/1913563/2573900538354813446,"1. æ°´æ›œæ—¥ã®ã‚«ãƒ³ãƒ‘ãƒãƒ©ã€Œã‚¢ãƒ©ã‚¸ãƒ³ã€ï¼ˆfrom major 1st singleã€ŒSUPERKIDã€2016/11/01ï¼‰
2. sora tob sakanaã€Œã‚¿ã‚¤ãƒ ãƒã‚·ãƒ³ã«ã•ã‚ˆãªã‚‰ã€ï¼ˆfrom sora tob sakana's SoundCloud 2016/10/16ï¼‰
3. ğŸ™ï¸
4. CHICO CARLITOã€ŒOrion's belt ft. RITTOã€ï¼ˆfrom 1st albumã€ŒCarlito's Wayã€2016/12/07ï¼‰
5. ACEã€Œcome on! feat. èˆ¬è‹¥, ZEEBRAã€ï¼ˆfrom 2nd albumã€ŒLIGHT DOWNã€2016/12/07ï¼‰
6. ğŸ™ï¸
7. KOHHã€ŒMitsuokaã€ï¼ˆfrom online singleã€ŒMitsuokaã€2016/12/13ï¼‰
8. ã‚µä¸Šã¨ä¸­æ±Ÿã€Œã•ã„ã”ã®å®¿é¡Œï¼ˆå·è¾ºãƒ’ãƒ­ã‚·REMIXï¼‰ã€ï¼ˆfrom 2nd albumã€Œå¤¢è¦‹å¿ƒåœ°ã€2016/11/30ï¼‰
9. ğŸ™ï¸
10. ãƒ†ãƒ³ãƒ†ãƒ³ã‚³ ã€ŒGood bye, Good girl.ã€ï¼ˆfrom 1st mini-albumã€Œå·¥æ¥­è£½å“ã€2016/12/14ï¼‰",2352,"* [ã€ŒSUPERKIDã€](http://ototoy.jp/_/default/p/67496)
* [ã€ŒCarlito's Wayã€](http://ototoy.jp/_/default/p/69021)
* [ã€ŒLIGHT DOWNã€](http://ototoy.jp/_/default/p/69023)
* [ã€ŒMitsuokaã€](http://mora.jp/package/43000074/TCJPR0000343502ï¼ˆéœ€æŒ‚æ—¥æœ¬ä»£ç†ï¼Œæ•™ç¨‹è§ä¹‹å‰å‡ æœŸèŠ‚ç›®ä»‹ç»é‡Œçš„é“¾æ¥ï¼‰)
* [ã€Œå¤¢è¦‹å¿ƒåœ°ã€](http://mora.jp/package/43000002/AVCD-93511)
* [ã€Œå·¥æ¥­è£½å“ã€](http://ototoy.jp/_/default/p/69065)
* [ã€Œæ­³æ™‚è¨˜Â·ç¬¬ä¸€å·»ã€](http://ototoy.jp/_/default/p/68339)
* [ã€Œä¸­å’ã€](http://mora.jp/package/43000001/4547366286274)
* [ã€ŒReturn To My Innocenceã€](http://ototoy.jp/_/default/p/60721)
* [ã€Œriver (cloudy irony)ã€](http://ototoy.jp/_/default/p/68506)
* [ã€ŒAvalonã€](http://ototoy.jp/_/default/p/66872)
* [ã€Œè¡—ã®å ±ã›ã€](http://ototoy.jp/_/default/p/68361)",,2573900538354813446,"{""play"": 1138, ""download"": 56, ""commentCount"": 9}"
19,2016-12-16 00:00:00,Vol. 19-2 æˆ‘ä»¬æ¥å¬æ–°å”±ç‰‡ï¼ï¼ï¼,mimida,['NEW releases'],/images/banners/19-2.jpg,http://www.lizhi.fm/1913563/2573898143910512134,"1. 3776ã€Œæ­£æœˆã¯ãˆãˆã‚‚ã‚“ã ã€ï¼ˆfrom EPã€Œæ­³æ™‚è¨˜ãƒ»ç¬¬ä¸€å·»ã€2016/11/24ï¼‰
2. ç§ç«‹æµæ¯”å¯¿ä¸­å­¦ã€Œæ¢…ï¼ˆä¸­å’ver.ï¼‰ã€ï¼ˆfrom best collectionã€Œä¸­å’ã€2016/11/16ï¼‰
3. ğŸ™ï¸
4. ã‚ˆã†ãªã´ã€ŒÃ©tÃ©ã€ï¼ˆfrom 1st solo singleã€ŒReturn To My Innocenceã€2015/11/09ï¼‰
5. Maison book girlã€Œkarmaã€ï¼ˆfrom 1st major singleã€Œriver (cloudy irony)ã€2016/11/30ï¼‰
6. ğŸ™ï¸
7. ãƒ†ãƒ³ãƒ†ãƒ³ã‚³ ã€Œæµæ°·ã®ã“ã©ã‚‚ã€ï¼ˆfrom 1st mini-albumã€Œå·¥æ¥­è£½å“ã€2016/12/14ï¼‰
8. amiinAã€Œlillaã€ï¼ˆfrom 1st albumã€ŒAvalonã€2016/10/26ï¼‰
9. ğŸ™ï¸
10. ceroã€Œãƒ­ãƒ¼ãƒ—ã‚¦ã‚§ãƒ¼ã€ï¼ˆfrom 3rd singleã€Œè¡—ã®å ±ã›ã€2016/12/07ï¼‰",2262,"* [ã€Œæ­³æ™‚è¨˜ãƒ»ç¬¬ä¸€å·»ã€](http://ototoy.jp/_/default/p/68339)
* [ã€Œä¸­å’ã€](http://mora.jp/package/43000001/4547366286274)
* [ã€ŒReturn To My Innocenceã€](http://ototoy.jp/_/default/p/60721)
* [ã€Œriver (cloudy irony)ã€](http://ototoy.jp/_/default/p/68506)
* [ã€Œå·¥æ¥­è£½å“ã€](http://ototoy.jp/_/default/p/69065)
* [ã€ŒAvalonã€](http://ototoy.jp/_/default/p/66872)
* [ã€Œè¡—ã®å ±ã›ã€](http://ototoy.jp/_/default/p/68361)",,2573898143910512134,"{""play"": 625, ""download"": 50, ""commentCount"": 4}"
20,2016-12-30 00:00:00,Vol. 20-1 äºŒåä¸€ä¸–çºªæ—¥éŸ³æ€ªå¥‡ç”Ÿå‘½ä½“ãƒ»æ˜ŸæœŸä¸‰çš„åº·å¸•å†…æ‹‰ï¼ˆä¸Šï¼‰,minami,['brand new band'],/images/banners/20-1.jpg,http://www.lizhi.fm/1913563/2576536415618402822,"1. æ°´æ›œæ—¥ã®ã‚«ãƒ³ãƒ‘ãƒãƒ©ã€ŒãƒŠãƒãƒ¬ã‚ªãƒ³ã€ï¼ˆfrom 1st EPã€Œãƒˆãƒ©ã‚¤ã‚¢ã‚¹ãƒ­ãƒ³ã€2015/04/15ï¼‰
2. æ°´æ›œæ—¥ã®ã‚«ãƒ³ãƒ‘ãƒãƒ©ã€Œåƒåˆ©ä¼‘ã€ï¼ˆfrom 4th albumã€Œç§ã‚’é¬¼ãƒ¶å³¶ã«é€£ã‚Œã¦ã£ã¦ã€2014/11/5ï¼‰
3. ğŸ™ï¸
4. æ°´æ›œæ—¥ã®ã‚«ãƒ³ãƒ‘ãƒãƒ©ã€ŒçŒªå…«æˆ’ã€ï¼ˆfrom 5th albumã€Œã‚¸ãƒ‘ãƒ³ã‚°ã€2015/11/11
5. æ°´æ›œæ—¥ã®ã‚«ãƒ³ãƒ‘ãƒãƒ©ã€Œãƒ„ã‚¤ãƒƒã‚®ãƒ¼ã€ï¼ˆfrom 5th albumã€Œã‚¸ãƒ‘ãƒ³ã‚°ã€2015/11/11ï¼‰
6. æ°´æ›œæ—¥ã®ã‚«ãƒ³ãƒ‘ãƒãƒ©ã€Œé›ªç”·ã‚¤ã‚¨ãƒ†ã‚£ã€ï¼ˆfrom 1st major EPã€ŒUMAã€ 2016/6/22ï¼‰
7. ğŸ™ï¸
8. æ°´æ›œæ—¥ã®ã‚«ãƒ³ãƒ‘ãƒãƒ©ã€Œãƒ‡ã‚£ã‚¢ãƒ–ãƒ­ã€ï¼ˆfrom 1st EPã€Œãƒˆãƒ©ã‚¤ã‚¢ã‚¹ãƒ­ãƒ³ã€2015/04/15ï¼‰
9. æ°´æ›œæ—¥ã®ã‚«ãƒ³ãƒ‘ãƒãƒ©ã€Œåç„¡ã—ã®æ¨©å…µè¡›ã€ï¼ˆfrom 1st albumã€Œã‚¯ãƒ­ãƒ¼ãƒ«ã¨é€†ä¸ŠãŒã‚Šã€2013/05/15ï¼‰
10. ğŸ™ï¸
11. æ°´æ›œæ—¥ã®ã‚«ãƒ³ãƒ‘ãƒãƒ©ã€Œã‚ãã‚‹å­£ç¯€ã€ï¼ˆfrom cover albumã€Œå®‰çœ è±†è…ã€2016/08/17ï¼‰",2568,"* [ã€Œã‚¯ãƒ­ãƒ¼ãƒ«ã¨é€†ä¸ŠãŒã‚Šã€](http://ototoy.jp/_/default/p/40780)
* [ã€Œå®‰çœ è±†è…ã€](http://ototoy.jp/_/default/p/43613)
* [ã€Œç§ã‚’é¬¼ãƒ¶å³¶ã«é€£ã‚Œã¦ã£ã¦ã€](http://ototoy.jp/_/default/p/46162)
* [ã€Œãƒˆãƒ©ã‚¤ã‚¢ã‚¹ãƒ­ãƒ³ã€](http://ototoy.jp/_/default/p/50353)
* [ã€Œã‚¸ãƒ‘ãƒ³ã‚°ã€](http://ototoy.jp/_/default/p/56848)
* [ã€ŒUMAã€](http://ototoy.jp/_/default/p/63514)",,2576536415618402822,"{""play"": 3744, ""download"": 78, ""commentCount"": 5}"
21,2017-01-27 00:00:00,Vol. 21-1 å¶åƒä¹æ›²å¤§å¥–2016ãƒ»ç‹¬ç«‹/åœ°æ–¹å¶åƒç¯‡,mimida,"['NO MUSIC, NO IDOL']",/images/banners/21-1.jpg,http://www.lizhi.fm/1913563/2581563228161845766,"1. ã¾ã­ãã‚±ãƒãƒ£ã€Œãã¿ã‚ãšã‚‰ã„ã€ï¼ˆfrom 1st singleã€Œãã¿ã‚ãšã‚‰ã„ï¼å¦„æƒ³æ¡œã€2016/04/26ï¼‰
2. ğŸ™ï¸
3. sora tob sakanaã€Œåºƒå‘Šã®è¡—ã€ï¼ˆfrom 2nd singleã€Œé­”æ³•ã®è¨€è‘‰ã€2016/02/16ï¼‰
4. ğŸ™ï¸
5. ã‚¢ã‚¤ãƒ‰ãƒ«ãƒãƒƒã‚µãƒ³ã‚¹ã€Œå›ã®çŸ¥ã‚‰ãªã„ç‰©èªã€ï¼ˆfrom 6th singleã€Œå›ã®çŸ¥ã‚‰ãªã„ç‰©èªã€2016/07/26ï¼‰
6. ğŸ™ï¸
7. sora tob sakanaã€Œé­”æ³•ã®è¨€è‘‰ã€ï¼ˆfrom 2nd singleã€Œé­”æ³•ã®è¨€è‘‰ã€2016/02/16ï¼‰
8. ã‚¢ã‚¤ãƒ‰ãƒ«ãƒãƒƒã‚µãƒ³ã‚¹ã€ŒFunny Bunnyã€ï¼ˆfrom 5th singleã€ŒFunny Bunnyã€ 2015/12/22ï¼‰
9. ğŸ™ï¸
10. (secret trackï¼‰
11. sora tob sakanaã€Œå¤ã®æ‰‰ã€ï¼ˆfrom 1st albumã€Œsora tob sakanaã€2016/07/26ï¼‰
12. ã‚¢ãƒƒãƒ—ã‚¢ãƒƒãƒ—ã‚¬ãƒ¼ãƒ«ã‚º(ä»®)ã€Œãƒ‘ãƒ¼ãƒªãƒ¼ãƒ”ãƒ¼ãƒãƒ¼ã‚¨ã‚¤ãƒªã‚¢ãƒ³ã€ï¼ˆfrom 20th singleã€Œãƒ‘ãƒ¼ãƒªãƒ¼ãƒ”ãƒ¼ãƒãƒ¼ã‚¨ã‚¤ãƒªã‚¢ãƒ³ï¼ã‚»ãƒ–ãƒ³â˜†ãƒ”ãƒ¼ã‚¹ã€2016/04/05ï¼‰
13. ğŸ™ï¸
14. Negiccoã€ŒçŸ›ç›¾ã€ã¯ã˜ã‚ã¾ã—ãŸã€‚ã€ï¼ˆfrom 20th singleã€ŒçŸ›ç›¾ã€ã¯ã˜ã‚ã¾ã—ãŸã€‚ã€2016/03/29ï¼‰
15. è™¹ã®ã‚³ãƒ³ã‚­ã‚¹ã‚¿ãƒ‰ãƒ¼ãƒ«ã€Œé™ã‚Šãªãå†’é™ºã«è¿‘ã„ã‚µãƒãƒ¼ã€ï¼ˆfrom 6th singleã€Œé™ã‚Šãªãå†’é™ºã«è¿‘ã„ã‚µãƒãƒ¼ã€2016/09/20ï¼‰
16. ğŸ™ï¸
17. ã‚¢ã‚¤ãƒ‰ãƒ«ãƒãƒƒã‚µãƒ³ã‚¹ã€Œãƒˆãƒ©ãƒ™ãƒ©ãƒ¼ã‚ºãƒ»ãƒã‚¤ã€ï¼ˆfrom 6th singleã€Œå›ã®çŸ¥ã‚‰ãªã„ç‰©èªã€2016/07/26ï¼‰
18. ã‚¢ãƒƒãƒ—ã‚¢ãƒƒãƒ—ã‚¬ãƒ¼ãƒ«ã‚º(ä»®)ã€Œå›ã¨ã„ã†ä»®èª¬ã€ï¼ˆfrom 21st albumã€Œ!!!!!!!!ï¼å›ã¨ã„ã†ä»®èª¬ã€2016/10/11ï¼‰",5173,"* [ã€Œãã¿ã‚ãšã‚‰ã„ / å¦„æƒ³æ¡œã€](http://mora.jp/package/43000074/TCJPR0000306756/)
* [ã€Œé­”æ³•ã®è¨€è‘‰ã€](http://ototoy.jp/_/default/p/59863)
* [ã€Œå›ã®çŸ¥ã‚‰ãªã„ç‰©èªã€](http://ototoy.jp/_/default/p/64466)
* [ã€ŒFunny Bunnyã€](http://ototoy.jp/_/default/p/67420)
* [ã€Œsora tob sakanaã€](http://ototoy.jp/_/default/p/64673)
* [ã€Œãƒ‘ãƒ¼ãƒªãƒ¼ãƒ”ãƒ¼ãƒãƒ¼ã‚¨ã‚¤ãƒªã‚¢ãƒ³/ã‚»ãƒ–ãƒ³â˜†ãƒ”ãƒ¼ã‚¹ã€](http://mora.jp/package/43000030/TPRC-0148/)
* [ã€ŒçŸ›ç›¾ã€ã¯ã˜ã‚ã¾ã—ãŸã€‚ã€](http://ototoy.jp/_/default/p/61318)
* [ã€Œé™ã‚Šãªãå†’é™ºã«è¿‘ã„ã‚µãƒãƒ¼ã€](http://ototoy.jp/_/default/p/65706)
* [ã€Œï¼ï¼ï¼ï¼ï¼ï¼ï¼ï¼/å›ã¨ã„ã†ä»®èª¬ã€](http://mora.jp/package/43000030/TPRC-0162/)
* [secret track/ä¸­åœºéšè—æ›²ç›®](https://www.weibo.com/subjpop/)",,2581563228161845766,"{""play"": 1193, ""download"": 68, ""commentCount"": 11}"
22,2017-02-05 00:00:00,Vol. 21-2 å¶åƒä¹æ›²å¤§å¥–2016ãƒ»Majorå¶åƒç¯‡,mimida,"['NO MUSIC, NO IDOL']",/images/banners/21-2.jpg,https://www.lizhi.fm/1913563/2583205767536598534,"1. æ¬…å‚46ã€Œã‚µã‚¤ãƒ¬ãƒ³ãƒˆãƒã‚¸ãƒ§ãƒªãƒ†ã‚£ãƒ¼ã€ï¼ˆfrom 1st singleã€Œã‚µã‚¤ãƒ¬ãƒ³ãƒˆãƒã‚¸ãƒ§ãƒªãƒ†ã‚£ãƒ¼ã€2016/04/06ï¼‰
2. ğŸ™ï¸
3. BiSHã€Œã‚ªãƒ¼ã‚±ã‚¹ãƒˆãƒ©ã€ï¼ˆfrom 3rd albumã€ŒKiLLER BiSHã€2016/10/05ï¼‰
4. æ¬…å‚46ã€ŒäºŒäººã‚»ã‚¾ãƒ³ã€ï¼ˆfrom 3rd singleã€ŒäºŒäººã‚»ã‚¾ãƒ³ã€2016/11/30ï¼‰
5. ğŸ™ï¸
6. ã‚ãƒ¼ã™ãŸã€Œã†ã‚‹ã¨ã‚‰ã¿ã‚‰ãã‚‹ãã‚‹ãµãã„ãªã‚‹ã‚¢ãƒ«ãƒ†ã‚£ãƒ¡ãƒƒãƒˆãƒãƒ§ã‚³ã³ãƒ¼ã‚€ã€ï¼ˆfrom 1st albumã€ŒThe World Standardã€2016/05/04ï¼‰
7. å¤¢ã¿ã‚‹ã‚¢ãƒ‰ãƒ¬ã‚»ãƒ³ã‚¹ã€Œãƒ•ã‚¡ãƒ³ã‚¿ã‚¹ãƒ†ã‚£ãƒƒã‚¯ãƒ‘ãƒ¬ãƒ¼ãƒ‰ã€ï¼ˆfrom 4th major singleã€ŒãŠã—ãˆã¦ã‚·ãƒ¥ãƒ¬ãƒ‡ã‚£ãƒ³ã‚¬ãƒ¼/ãƒ•ã‚¡ãƒ³ã‚¿ã‚¹ãƒ†ã‚£ãƒƒã‚¯ãƒ‘ãƒ¬ãƒ¼ãƒ‰ã€ 2016/04/27ï¼‰
8. ğŸ™ï¸
9. æ¬…å‚46ã€Œä¸–ç•Œã«ã¯æ„›ã—ã‹ãªã„ã€ï¼ˆfrom 2nd singleã€Œä¸–ç•Œã«ã¯æ„›ã—ã‹ãªã„ã€2016/08/10ï¼‰
10. lyrical schoolã€ŒRUN and RUNã€ï¼ˆfrom 9th singleã€ŒRUN and RUNã€2016/04/27ï¼‰
11. ğŸ™ï¸
12. æ±äº¬å¥³å­æµã€Œæ·±æµ· -Hi-ra Mix-ã€ï¼ˆfrom 20th singleã€Œæ·±æµ·ã€2016/08/31ï¼‰
13. ç§ç«‹æµæ¯”å¯¿ä¸­å­¦ã€Œã¾ã£ã™ãã€ï¼ˆfrom 10th major singleã€Œã¾ã£ã™ãã€2016/09/21ï¼‰
14. ğŸ™ï¸
15. AKB48ã€Œ365æ—¥ã®ç´™é£›è¡Œæ©Ÿã€ï¼ˆfrom 42nd singleã€Œå”‡ã«Be My Babyã€2015/12/09ï¼‰
16. Secret soundtrack?",4065,* æœ¬æœŸæ‰€æœ‰æ›²ç›®æ­£ç‰ˆä»˜è´¹ä¸‹è½½å‡å¯åœ¨ Apple Music æˆ– amazon.co.jp ä¸Šæ‰¾åˆ°ã€‚,,2583205767536598534,"{""play"": 2720, ""download"": 57, ""commentCount"": 4}"
23,2017-02-08 00:00:00,ç‰¹åˆ«æ”¾é€ãƒ»æ¾é‡è‰å¥ˆã€Œã§ãã‚‹ã‹ãªï¼Ÿã€,mimida,['Special'],/images/banners/special-1.jpg,https://www.lizhi.fm/1913563/2584126703015995398,,320,,,2584126703015995398,"{""play"": 2131, ""download"": 51, ""commentCount"": 4}"
24,2017-02-10 00:00:00,Vol. 20-2 äºŒåä¸€ä¸–çºªæ—¥éŸ³æ€ªå¥‡ç”Ÿå‘½ä½“ãƒ»æ˜ŸæœŸä¸‰çš„åº·å¸•å†…æ‹‰ï¼ˆä¸‹ï¼‰,mimida,['brand new band'],/images/banners/20-2.jpg,https://www.lizhi.fm/1913563/2584391298769268230,"1. ã€Œä¸€ä¼‘ã•ã‚“ã€ï¼ˆfrom 1st major albumã€ŒSUPERMANã€2017/02/08ï¼‰
2. ã€Œä¸–é˜¿å¼¥ã€ï¼ˆfrom 1st major albumã€ŒSUPERMANã€2017/02/08ï¼‰
3. ğŸ™ï¸
4. ã€ŒãƒŸãƒ„ã‚³ã€ï¼ˆfrom 3rd mini albumã€Œã‚·ãƒãƒã‚¸ãƒ£ãƒƒã‚¯ã€2014/02/26ï¼‰
5. ã€Œãƒ‘ãƒ•ã€ï¼ˆfrom 1st mini albumã€Œã‚¯ãƒ­ãƒ¼ãƒ«ã¨é€†ä¸ŠãŒã‚Šã€2013/05/15ï¼‰
6. ğŸ™ï¸
7. ã€Œã‚‚ã®ãã•å¤ªéƒã€ï¼ˆfrom é…ä¿¡é™å®šEPã€Œãƒãƒ«ã‚¦ã‚§ã‚¤ã®ç››ã‚Šã€2013/05/25ï¼‰
8. ã€Œã‚¦ãƒ©ãƒ³ã¡ã‚ƒã‚“ã€ï¼ˆfrom 5th mini albumã€Œã‚¸ãƒ‘ãƒ³ã‚°ã€2015/11/11)
9. ğŸ™ï¸
10. ã€Œè¥¿ç‰å¤«ã€ï¼ˆfrom 5th mini albumã€Œã‚¸ãƒ‘ãƒ³ã‚°ã€2015/11/11ï¼‰
11. ã€Œãƒãƒƒãƒå£²ã‚Šã®å°‘å¥³ã€ï¼ˆfrom 5th mini albumã€Œã‚¸ãƒ‘ãƒ³ã‚°ã€2015/11/11ï¼‰",2597,"* [ã€Œã‚¯ãƒ­ãƒ¼ãƒ«ã¨é€†ä¸ŠãŒã‚Šã€](http://ototoy.jp/_/default/p/40780)
* [ã€Œãƒãƒ«ã‚¦ã‚§ã‚¤ã®ç››ã‚Šã€](http://ototoy.jp/_/default/p/50353)
* [ã€Œã‚·ãƒãƒã‚¸ãƒ£ãƒƒã‚¯ã€](http://ototoy.jp/_/default/p/40748)
* [ã€Œã‚¸ãƒ‘ãƒ³ã‚°ã€](http://ototoy.jp/_/default/p/56848)
* [ã€ŒSUPERMANã€](http://ototoy.jp/_/default/p/70617)",,2584391298769268230,"{""play"": 1528, ""download"": 63, ""commentCount"": 5}"
25,2017-03-03 00:00:00,Vol. 22 æˆ‘ä»¬æ¥å¬æ–°å”±ç‰‡ï¼ï¼ï¼ï¼,mimida,['NEW releases'],/images/banners/22.jpg,http://www.lizhi.fm/1913563/2588242553198892550,"1. D.A.N.ã€ŒSSWBã€ï¼ˆfrom singleã€SSWBã€2016/12/23ï¼‰
2. ğŸ™ï¸
3. æ¸¯ã‚«ãƒ²ãƒ«ï¼ˆã‚°ãƒ«ãƒ¼ãƒ—é­‚ï¼‰ã€Œä¿ºã§ã„ã„ã®ã‹ã„ã€ï¼ˆfrom 1st solo albumã€ä¿ºã§ã„ã„ã®ã‹ã„ ~æ¸¯ã‚«ãƒ²ãƒ«ã€æ­Œã„ã™ãã‚‹~ã€2017/01/25ï¼‰
4. KREVAã€Œå˜˜ã¨ç…©æ‚©ã€ï¼ˆfrom albumã€å˜˜ã¨ç…©æ‚©ã€2017/02/01ï¼‰
5. ğŸ™ï¸
6. p1 a.k.a. 2g x å‘‚å¸ƒã‚«ãƒ«ãƒã€Œç”Ÿã¾ã‚Œã¦ã¯æ­»ã‚“ã§ã„ãèµ¤é“ç›´ä¸‹ã®èµ¤ã‚“åŠã¿ãŸã„ã«ã€ï¼ˆfrom albumã€A New Misunderstandingã€2016/11/23ï¼‰
7. JJJã€ŒPLACE TO GOã€ï¼ˆfrom albumã€HIKARIã€2017/02/22ï¼‰
8. ğŸ™ï¸
9. sora tob sakanaã€Œå¤œé–“é£›è¡Œã€ï¼ˆfrom SoundCloud 2017/01/09ï¼‰
10. Maison book girlã€Œfaithlessnessã€ï¼ˆfrom BDã€Solitude HOTEL 2Fã€bonus CDã€faithlessnessã€2017/02/15ï¼‰
11. ğŸ™ï¸
12. é›»æ°—ã‚°ãƒ«ãƒ¼ãƒ´ã€Œ æŸ¿ã®æœ¨å‚ã€ï¼ˆfrom albumã€TROPICAL LOVEã€2017/03/01ï¼‰",3007,"* [ã€ŒSSWBã€](http://ototoy.jp/_/default/p/69914)
* [ã€Œä¿ºã§ã„ã„ã®ã‹ã„ã€](https://itunes.apple.com/jp/album/ä¿ºã§ã„ã„ã®ã‹ã„-æ¸¯ã‚«ãƒ²ãƒ«-æ­Œã„ã™ãã‚‹/id1194844655)
* [ã€Œå˜˜ã¨ç…©æ‚©ã€](https://itunes.apple.com/jp/album/uso-to-bonno/id1193491946)
* [ã€ŒA New Misunderstandingã€](https://itunes.apple.com/jp/album/a-new-misunderstanding/id1172703449)
* [ã€ŒHIKARIã€](https://itunes.apple.com/jp/album/hikari/id1200444348)
* [ã€Œå¤œé–“é£›è¡Œã€](https://soundcloud.com/sora-tob-sakana/qn2tmcpcrnaq)
* [ã€Œfaithlessnessã€](http://ototoy.jp/_/default/p/70885)
* [ã€ŒTROPICAL LOVEã€](https://itunes.apple.com/jp/album/tropical-love/id1206765026)",,2588242553198892550,"{""play"": 1590, ""download"": 80, ""commentCount"": 17}"
26,2017-03-31 00:00:00,Vol. 23 æˆ‘ä»¬æ¥å¬æ–°å”±ç‰‡ï¼ï¼ï¼ï¼ï¼,mimida,['NEW releases'],/images/banners/23.jpg,http://www.lizhi.fm/1913563/2593418764038370822,"1. KID FRESINOã€ŒSalve feat. JJJã€ï¼ˆfrom EPã€Salveã€2017/01/25ï¼‰
2. ä¸­å°ä¼æ¥­ã€ŒFUGAã€ï¼ˆfrom ä¸“è¾‘ã€NESSã€2017/03/15ï¼‰
3. ğŸ™ï¸
4. 963ã€Œã‚¹ãƒˆãƒ­ãƒ¼ã€ï¼ˆfrom EPã€å¤¢?å¹»?ãƒ‰ãƒ­ãƒƒãƒ—ã‚¹ & ã‚¹ãƒˆãƒ­ãƒ¼ã€2017/02/24ï¼‰
5. ã¡ã‚ƒã‚“ã¿ãªã€Œæœªæˆå¹´ Feat. ã‚ã£ã— (New Mix)ã€ï¼ˆfrom ä¸“è¾‘ã€æœªæˆå¹´ã€2017/03/08ï¼‰
6. ğŸ™ï¸
7. Especiaã€ŒNo 1 Sweeperã€ï¼ˆfrom ä¸“è¾‘ã€Wizardã€2017/03/22ï¼‰
8. ãƒ†ãƒ³ãƒ†ãƒ³ã‚³ã€ŒWAãƒ»ã‚·ãƒ§ã‚¤ï¼ã€ï¼ˆfrom LPã€Waãƒ»ã‚·ãƒ§ã‚¤ï¼ / Good bye,Good girl.ã€2017/04/22ï¼‰
9. ğŸ™ï¸
10. ikanimoã€Œã¯ã„ã¯ã„ã€ï¼ˆfrom ä¸“è¾‘ã€ikanimoã€2016/11/16ï¼‰
11. æ°´æ›œæ—¥ã®ã‚«ãƒ³ãƒ‘ãƒãƒ©ã€Œæµ· ãã®æ„› feat. åŠ å±±é›„ä¸‰ã€ï¼ˆfrom åˆè¾‘ã€åŠ å±±é›„ä¸‰ã®æ–°ä¸–ç•Œã€2017/03/08ï¼‰",2578,"* [ã€ŒSalveã€](http://ototoy.jp/_/default/p/70116)
* [ã€ŒNESSã€](http://ototoy.jp/_/default/p/72709)
* [ã€Œå¤¢ï¼Ÿå¹»ï¼Ÿãƒ‰ãƒ­ãƒƒãƒ—ã‚¹ã€](https://itunes.apple.com/jp/album/å¤¢-å¹»-ãƒ‰ãƒ­ãƒƒãƒ—ã‚¹-ã‚¹ãƒˆãƒ­ãƒ¼-ep/id1204190908?l=en)
* [ã€Œæœªæˆå¹´ã€](https://itunes.apple.com/jp/album/miseinen/id1203189772)
* [ã€ŒWizardã€](http://ototoy.jp/_/default/p/73095)
* [ã€Œæ”¾èª²å¾Œã‚·ãƒ³ãƒ‘ã‚·ãƒ¼ã€](http://ototoy.jp/_/default/p/65666)
* [ã€Œikaminoã€](http://ototoy.jp/_/default/p/72819)
* [ã€ŒåŠ å±±é›„ä¸‰ã®æ–°ä¸–ç•Œã€](http://ototoy.jp/_/default/p/72108)",,2593418764038370822,"{""play"": 1133, ""download"": 70, ""commentCount"": 6}"
27,2017-04-21 00:00:00,Vol. 24 Seihoãƒ»æ—¥æœ¬æ–°ç”Ÿä»£ç”µéŸ³å¥‡ç”·,minami,['Track-Makers tracking'],/images/banners/24.jpg,http://www.lizhi.fm/1913563/2596230659799331846,"1. Seihoã€ŒPrologueã€ ( From Seihoâ€™s Official Site )
2. Seihoã€ŒPlasticã€ï¼ˆfrom  3rd albumã€ŒCollapseã€2016/5/18ï¼‰
3. Seihoã€ŒBird Scatã€ï¼ˆfrom  EPã€ŒUNREALã€2017/03/18ï¼‰
4. ğŸ™ï¸
5. Seihoã€ŒI Feel Raveã€ï¼ˆfrom  2nd  albumã€ŒABSTRKTSEXã€2013/6/19ï¼‰
6. Seihoã€ŒGynoid Feminismã€ï¼ˆfrom  2nd  albumã€ŒABSTRKTSEXã€2013/6/19ï¼‰
7. Sugar's Campaignã€Œé¦™æ¸¯ç”Ÿæ´»ã€ï¼ˆfrom 1st  albumã€ŒFRIENDSã€2015/1/21ï¼‰
8. ğŸ™ï¸
9. ä¸‰æµ¦å¤§çŸ¥ã€ŒCry & Fightã€ï¼ˆfrom  19th  Singleã€ŒCry & Fightã€2016/03/30ï¼‰
10. çŸ¢é‡é¡•å­ã€ŒTong Pooã€ï¼ˆfrom  27th  albumã€ŒWelcome to Jupiterã€2015/09/16ï¼‰
11. ğŸ™ï¸
12. Seiho & sehioroboã€ŒAdoreã€ï¼ˆfrom  Seihoâ€™s SoundCloud  2016/04/23ï¼‰",2644,"* [ã€ŒCollapseã€](http://ototoy.jp/_/default/p/62516)
* [ã€ŒCry&Fightã€](http://ototoy.jp/_/default/p/60892)",,2596230659799331846,"{""play"": 1352, ""download"": 71, ""commentCount"": 10}"
28,2017-05-12 00:00:00,Vol. 25 æ—¥æœ¬ã®Rapè¿›è¡Œæ—¶ ğŸ¤,davidchill,['J-Hip hop'],/images/banners/25.jpg,http://www.lizhi.fm/1913563/2600656490447357446,"1. ã‚†ã‚‹ãµã‚ã‚®ãƒ£ãƒ³ã‚° ã€ŒEscape To The Paradiseã€ (from 1st album ã€ŒMars Ice Houseã€ 2017/4/5)
2. ISSUGI ã€ŒHeat Haze feat. Mr.PUGã€ (from joint album ã€ŒDAY and NITEã€ 2016/11/2)
3. ğŸ™ï¸
4. Moe and ghosts Ã— ç©ºé–“ç¾ä»£ ã€Œä¸é€šã€ (from joint album ã€ŒRAP PHENOMENONã€ 2016/4/6)
5. ã‚ã£ã“ã‚´ãƒªãƒ© ã€Œé»„ç†±ç—… -YELLOW FEVER- Ã— STUTSã€(from 1st Single ã€Œé»„ç†±ç—… -YELLOW FEVER- Ã— STUTSã€ 2017/2/16)
6. ğŸ™ï¸
7. IOã€ŒNotisã€ (from 2nd album ã€ŒMood Blueã€ 2017/4/19)
8. å”¾å¥‡ x Sweet Williamã€ŒSouth side ghettoã€ (from joint album ã€ŒJasmineã€ 2017/4/19)
9. ğŸ™ï¸
10. TOKYO HEALTH CLUB ã€ŒMAD-ONNA ft. ZOMBIE-CHANGã€ (from 3rd album ã€ŒVIBRATIONã€2016/6/8)
11. ãƒ‘ãƒ–ãƒªãƒƒã‚¯å¨˜ã€‚ ã€Œ25mãƒ—ãƒ¼ãƒ«ã€ (from 1st album ã€Œåˆæ‹ã¨ã¯ãªã‚“ãã‚„ã€ 2016/7/6)
12. ğŸ™ï¸
13. ç‹ç« ã€Œæ˜¨æ—¥ã¾ã§ã®ãƒ™ã‚¹ãƒˆã€(from best album ã€Œæ˜¨æ—¥ã¾ã§ã®ãƒ™ã‚¹ãƒˆã€  2017/2/15)",2708,"* [ã€ŒMars Ice Houseã€](http://ototoy.jp/_/default/p/73023)
* [ã€ŒDAY and NITEã€](http://ototoy.jp/_/default/p/67044)
* [ã€ŒRAP PHENOMENONã€](http://ototoy.jp/_/default/p/61785)
* [ã€Œé»„ç†±ç—… -YELLOW FEVER- Ã— STUTSã€](http://ototoy.jp/_/default/p/72410)
* [ã€ŒMood Blueã€](http://ototoy.jp/_/default/p/73823)
* [ã€ŒJasmineã€](http://ototoy.jp/_/default/p/73651)
* [ã€ŒVIBRATIONã€](http://ototoy.jp/_/default/p/69625)
* [ã€Œåˆæ‹ã¨ã¯ãªã‚“ãã‚„ã€](http://ototoy.jp/_/default/p/63408)
* [ã€Œæ˜¨æ—¥ã¾ã§ã®ãƒ™ã‚¹ãƒˆã€](http://ototoy.jp/_/default/p/72067)",,2600656490447357446,"{""play"": 2260, ""download"": 66, ""commentCount"": 5}"
29,2017-05-26 00:00:00,Vol. 26 å®‡å¤šç”°å…‰ä¹‹åãƒ»ZOMBIE-CHANG,mimida,['After Hikki'],/images/banners/26.jpg,http://www.lizhi.fm/1913563/2603228810785270790,"1. ZOMBIE-CHANGã€ŒI CAN&`&T GET TO SLEEPã€ï¼ˆfrom ä¸“è¾‘ã€GANG!ã€2017/03/03ï¼‰
2. ZOMBIE-CHANGã€ŒTARINAIã€ï¼ˆfrom ä¸“è¾‘ã€GANG!ã€2017/03/03ï¼‰
3. ğŸ™ï¸
4. ZOMBIE-CHANGã€ŒWEEKENDã€ï¼ˆfrom ä¸“è¾‘ã€GANG!ã€2017/03/03ï¼‰
5. ZOMBIE-CHANGã€ŒKOURAKUENã€ï¼ˆfrom ä¸“è¾‘ã€GANG!ã€2017/03/03ï¼‰
6. ğŸ™ï¸
7. ZOMBIE-CHANGã€Œsummer time UKR remixã€ï¼ˆfrom EPã€æ‹ã®ãƒã‚«ãƒ³ã‚¹ã€2015/08/25ï¼‰
8. YOSAã€Œå¤œæ˜ã‘å‰ feat. ZOMBIE-CHANG & SALUã€ï¼ˆfrom ä¸“è¾‘ã€Orionã€2016/04/06ï¼‰
9. ğŸ™ï¸
10. ZOMBIE-CHANGã€ŒSEMETE KANASHII TOKINIWAã€ï¼ˆfrom ä¸“è¾‘ã€ZOMBIE-CHANGEã€2016/01/20ï¼‰
11. ZOMBIE-CHANGã€ŒKAWAII BABYã€ï¼ˆfrom ä¸“è¾‘ã€GANG!ã€2017/03/03ï¼‰",2303,"* [ã€Œæ‹ã®ãƒã‚«ãƒ³ã‚¹ã€](https://omake-club.bandcamp.com/album/e-p-4)
* [ã€ŒZOMBIE-CHANGEã€](http://ototoy.jp/_/default/p/5947)
* [ã€ŒGANG!ã€](http://ototoy.jp/_/default/p/72419)
* [ã€ŒOrionã€](http://ototoy.jp/_/default/p/61715)
* [ã€Œå¤œæ˜ã‘å‰ feat. ZOMBIE-CHANG & SALU -ã€](http://ototoy.jp/_/default/p/64934)",,2603228810785270790,"{""play"": 1686, ""download"": 73, ""commentCount"": 5}"
30,2017-06-09 00:00:00,Vol. 27 æˆ‘ä»¬æ¥å¬æ–°å”±ç‰‡ï¼ï¼ï¼ï¼ï¼ï¼,mimida,['NEW releases'],/images/banners/27.jpg,http://www.lizhi.fm/1913563/2606449192303099398,"1. 963ã€Œã‚ã™ã¨ã·ã‚‰ã­ã£ã¨ã€ï¼ˆfrom 3rd singleã€ã‚ã™ã¨ã·ã‚‰ã­ã£ã¨ã€2017/04/05ï¼‰
2. Maison book girlã€Œend of Summer dreamã€ï¼ˆfrom 2nd albumã€imageã€2017/04/05ï¼‰
3. ğŸ™ï¸
4. Yogee New Wavesã€ŒRide on Waveã€ï¼ˆfrom 2nd albumã€WAVESã€2017/05/17ï¼‰
5. There There Theresã€ŒRadicalHeadã€ï¼ˆfrom 1st singleã€Upstairs Downã€2017/05/08ï¼‰
6. ğŸ™ï¸
7. ã‚†ã‚‹ãµã‚ã‚®ãƒ£ãƒ³ã‚°ã€ŒFuckin' Carã€ï¼ˆfrom 1st albumã€Mars Ice Houseã€2017/04/08ï¼‰
8. IttÅã€ŒInside Outã€ï¼ˆfrom 3rd albumã€Iã€2017/05/10ï¼‰
9. ğŸ™ï¸
10. Corneliusã€Œã‚ãªãŸãŒã„ã‚‹ãªã‚‰ã€ï¼ˆfrom 6th albumã€Mellow Wavesã€2017/06/28ï¼‰
11. ç§ç«‹æµæ¯”å¯¿ä¸­å­¦ã€Œæ„Ÿæƒ…é›»è»Šã€ï¼ˆfrom 4st albumã€ã‚¨ãƒ“ã‚¯ãƒ©ã‚·ãƒ¼ã€2017/05/31ï¼‰
12. ğŸ™ï¸
13. DJã¿ãã—ã‚‹ã¨MCã”ã¯ã‚“ã€Œã¨ã‚Šã®ã‹ã‚‰æšã’ã€ï¼ˆfrom soundtrackã€ã”ã¡ãã‚“ãDJã®éŸ³æ¥½ã€2017/03/29ï¼‰
14. æ¸…ç«œäºº25ã€Œã­ãˆã­ãˆ...ã€ï¼ˆfrom 2nd albumã€WIFEã€2017/04/12ï¼‰â€‹",3012,"* [ã€Œimageã€](http://ototoy.jp/_/default/p/72845)
* [ã€ŒWAVESã€](http://ototoy.jp/_/default/p/75126)
* [ã€ŒUpstairs Downã€](http://ototoy.jp/_/default/p/74514)
* [ã€ŒMars Ice Houseã€](http://ototoy.jp/_/default/p/73023)
* [ã€ŒIã€](https://itunes.apple.com/jp/album/id1229561459?app=itunes&ign-mpt=uo=4)
* [ã€ŒMellow Wavesã€](https://itunes.apple.com/jp/album/mellow-waves/id1228895132?i=1228895140&l=en)
* [ã€Œã‚¨ãƒ“ã‚¯ãƒ©ã‚·ãƒ¼ã€](http://mora.jp/package/43000001/4547366314014/)
* [ã€Œã”ã¡ãã‚“ãDJã®éŸ³æ¥½ã€](https://itunes.apple.com/jp/album/ã”ã¡ãã‚“ãdjã®éŸ³æ¥½/id1216048645)
* [ã€ŒWIFEã€](http://ototoy.jp/_/default/p/73424)",,2606449192303099398,"{""play"": 1247, ""download"": 60, ""commentCount"": 2}"
31,2017-06-23 00:00:00,Vol. 28 KANDYTOWNãƒ»ç³–é•‡City-Hiphop ğŸ¬,davidchill,['J-Hip hop'],/images/banners/28.jpg,http://www.lizhi.fm/1913563/2608459664339857926,"1. DJ PMXã€ŒNeon Wave feat. GOTTZ, MUD & IO (KANDYTOWN)ã€ï¼ˆfrom 3rd original albumã€THE ORIGINAL IIIã€2017/5/17ï¼‰
2. Ryohuã€ŒBlue Roseã€ï¼ˆfrom 1st EPã€All in One - EPã€2017/4/5ï¼‰
3. ğŸ™ï¸
4. DONY JOINTã€ŒGood Times feat. Ryohuã€ï¼ˆfrom 1st albumã€A 03 Tale, Â¥ellaã€2017/5/24ï¼‰
5. IOã€ŒCity Never Sleepã€ï¼ˆfrom 1st albumã€Soul Longã€2016/2/14ï¼‰
6. ğŸ™ï¸
7. YOUNG JUJUã€ŒDownTown Boyz feat. Ryohuã€ï¼ˆfrom 1st albumã€juzzy 92&`&ã€2016/11/23ï¼‰
8. èŠä¸¸ã€ŒLift my soul feat. Tree Masonã€ï¼ˆfrom 2nd albumã€ON THE KORNERã€2016/7/6ï¼‰
9. ğŸ™ï¸
10. KANDYTOWNã€ŒODQã€ï¼ˆfrom 1st street albumã€BLAKK MOTELã€2015/1/25ï¼‰
11. KANDYTOWNã€ŒGood Die Youngã€ï¼ˆfrom 1st major albumã€KANDYTOWNã€2016/11/2ï¼‰
12. ğŸ™ï¸
13. KANDYTOWNã€ŒAinâ€™t No Holding Backã€ï¼ˆfrom 1st major albumã€KANDYTOWNã€2016/11/2ï¼‰",2339,"* [ã€ŒTHE ORIGINAL IIIã€](https://itunes.apple.com/jp/album/the-original-iii/id1229001586)
* [ã€ŒAll in One - EPã€](https://itunes.apple.com/jp/album/all-in-one-ep/id1142537216)
* [ã€ŒA 03 Tale, Â¥ellaã€](http://ototoy.jp/_/default/p/74737)
* [ã€ŒSoul Longã€](http://ototoy.jp/_/default/p/59907)
* [ã€Œjuzzy 92'ã€](http://ototoy.jp/_/default/p/67756)
* [ã€ŒON THE KORNERã€](http://ototoy.jp/_/default/p/63406)
* [ã€ŒBLAKK MOTELã€]()
* [ã€ŒKANDYTOWNã€](http://shop.wmg.jp/shop/g/gWPJL-10052)",,2608459664339857926,"{""play"": 1140, ""download"": 64, ""commentCount"": 8}"
32,2017-07-07 00:00:00,Vol. 29 å®‡å¤šç”°å…‰ä¹‹åãƒ»Kaneko Ayano,mimida,['After Hikki'],/images/banners/29.jpg,https://www.lizhi.fm/1913563/2608598166298483718,"1. ã‚«ãƒã‚³ã‚¢ãƒ¤ãƒã€Œã¨ãŒã‚‹ã€ï¼ˆfrom 2nd EPã€ã²ã‹ã‚Œã‚ã„ã€2017/04/26ï¼‰
2. ã‚«ãƒã‚³ã‚¢ãƒ¤ãƒã€Œã•ã‚ˆãƒ¼ãªã‚‰ã‚ãªãŸã€ï¼ˆfrom 1st EPã€ã•ã‚ˆãƒ¼ãªã‚‰ã‚ãªãŸã€2016/12/07
3. ğŸ™ï¸
4. ã‚«ãƒã‚³ã‚¢ãƒ¤ãƒã€Œã‚¹ã‚¤ãƒŸãƒ³ã‚°ã€ï¼ˆfrom 1st album ã€æ¥ä¸–ã¯ã‚¢ã‚¤ãƒ‰ãƒ«ã€2014/05/14ï¼‰
5. ã‚«ãƒã‚³ã‚¢ãƒ¤ãƒã€Œæœã«ãªã£ã¦å¤¢ã‹ã‚‰ã•ã‚ã¦ã€ï¼ˆfrom 2nd EPã€ã²ã‹ã‚Œã‚ã„ã€2017/04/26ï¼‰
6. ğŸ™ï¸
7. ã‚«ãƒã‚³ã‚¢ãƒ¤ãƒã€Œæ˜¥ã€ï¼ˆfrom live albumã€LIVE AT ZAMZA ASAGAYA JAN.31,2017ã€2017/03/08ï¼‰
8. ã‚«ãƒã‚³ã‚¢ãƒ¤ãƒã€Œé€±æ˜ã‘ã€ï¼ˆfrom live albumã€LIVE AT ZAMZA ASAGAYA JAN.31,2017ã€2017/03/08ï¼‰
9. ğŸ™ï¸
10. ã‚«ãƒã‚³ã‚¢ãƒ¤ãƒã€Œãã¿ã‚’ã—ã‚ŠãŸã„ã€ï¼ˆfrom live albumã€LIVE AT ZAMZA ASAGAYA JAN.31,2017ã€2017/03/08ï¼‰
11. ã‚«ãƒã‚³ã‚¢ãƒ¤ãƒã€Œã‚°ãƒ¬ãƒ¼ãƒ—ãƒ•ãƒ«ãƒ¼ãƒ„ã€ï¼ˆfrom live albumã€LIVE AT ZAMZA ASAGAYA JAN.31,2017ã€2017/03/08ï¼‰",2043,"* [ã€Œæ¥ä¸–ã¯ã‚¢ã‚¤ãƒ‰ãƒ«ã€](http://ototoy.jp/_/default/p/42223)
* [ã€Œã•ã‚ˆãƒ¼ãªã‚‰ã‚ãªãŸã€](http://ototoy.jp/_/default/p/68342)
* [ã€Œã²ã‹ã‚Œã‚ã„ã€](http://ototoy.jp/_/default/p/74197)
* [ã€ŒLIVE AT ZAMZA ASAGAYA JAN.31, 2017ã€](https://kanekoayano.theshop.jp/items/5682085)",,2608598166298483718,"{""play"": 3073, ""download"": 68, ""commentCount"": 4}"
33,2017-07-21 00:00:00,Vol. 30 æ—¥å¼å˜»å“ˆåœ°ä¸‹åŸãƒ»FREESTYLE DUNGEON: MONSTERç¯‡ I,mimida,['J-Hip hop'],/images/banners/30.jpg,https://www.lizhi.fm/1913563/2613681554297353222,"1. æŒå¹»ã€CHICO CARLITO & ç„šå·»ã€Œãƒ•ãƒªãƒ¼ã‚¹ã‚¿ã‚¤ãƒ«ãƒ»ãƒ€ãƒ³ã‚¸ãƒ§ãƒ³ 2016ã€ï¼ˆfrom singleã€Œãƒ•ãƒªãƒ¼ã‚¹ã‚¿ã‚¤ãƒ«ãƒ»ãƒ€ãƒ³ã‚¸ãƒ§ãƒ³ 2016ã€2016/05/18ï¼‰
2. CHICO CARLITOã€Œæœ”ã€ï¼ˆfrom singleã€Œæœ”ã€2016/10/21ï¼‰+ã€ŒIntroã€ï¼ˆfrom albumã€ŒCarlito's Wayã€2016/12/07ï¼‰
3. ğŸ™ï¸
4. CHICO CARLITOã€Œä¸€é™½æ¥å¾© feat Chouji & å”¾å¥‡ã€ï¼ˆfrom albumã€ŒCarlito's Wayã€2016/12/07ï¼‰
5. MCæ¼¢ & DJç¥ç€ã€ŒI'm a ï¿¥ plantã€ï¼ˆfrom albumã€ŒMURDARATIONã€2012/08/08ï¼‰+ã€ŒThis is Freestyleã€ï¼ˆfrom albumã€ŒMURDARATIONã€2012/08/08ï¼‰
6. ğŸ™ï¸
7. æ¼¢ã€Œæ¼¢æµã®æ¥µè«–ã€ï¼ˆfrom albumã€Œå° ã¿ã¡ã—ã‚‹ã¹ã€2005/01/26ï¼‰
8. DJ Krushã€ŒçŒ›è€…-Mosa- featuring KANã€ï¼ˆfrom remix albumã€ŒSTEPPING STONES The Self-Remixed Best -lyricism-ã€2006/03/24ï¼‰
9. ğŸ™ï¸
10. MC æ¼¢ã€Œã‚¹ã‚­ãƒŸãƒ³ã‚°ã€ï¼ˆfrom albumã€ŒMURDARATION (ACAPPELLA VERSION)ã€2013/04/10ï¼‰
11. MCæ¼¢ & DJç¥ç€ã€Œå…‰ã¨å½±ã®è¡—ã€ï¼ˆfrom albumã€ŒMURDARATIONã€2012/08/08ï¼‰",2699,"* [ã€Œãƒ•ãƒªãƒ¼ã‚¹ã‚¿ã‚¤ãƒ«ãƒ»ãƒ€ãƒ³ã‚¸ãƒ§ãƒ³ 2016ã€](http://t.cn/RovOdsN)
* [ã€Œæœ”ã€](https://soundcloud.com/libra-records/sets/chico-carlito)
* [ã€ŒCarlito's Wayã€](http://ototoy.jp/_/default/p/69021)
* [ã€Œå° ã¿ã¡ã—ã‚‹ã¹ã€](http://t.cn/RovOslT)
* [ã€ŒMURDARATIONã€](http://t.cn/RovWPlC)
* [ã€ŒMURDARATION (ACAPPELLA VERSION)ã€](http://t.cn/RovW7bt)
* [ã€ŒSTEPPING STONES The Self-Remixed Best -lyricism-ã€](http://t.cn/RovWzKM)",,2613681554297353222,"{""play"": 2658, ""download"": 66, ""commentCount"": 8}"
34,2017-08-04 00:00:00,Vol. 31 æ—¥æœ¬ã®Rapè¿›è¡Œæ—¶ 2.o,davidchill,['J-Hip hop'],/images/banners/31.jpg,https://www.lizhi.fm/1913563/2613825092105386502,"1. KOPERU & ISSEI ã€ŒMovie Right At Youã€(from 1st joint albumã€ã‚«ãƒãƒˆãƒˆã€2017/6/14)
2. ğŸ™ï¸
3. TWINKLE+ ã€ŒMidnight Run (TYO)ã€(from 1st albumã€JAPANESE YEDO MONKEYã€2017/6/7)
4. MONYPETZJNKMN ã€ŒSPACYã€(from 1st albumã€ç£Šã€2017/5/17)
5. YDIZZY ã€ŒYESã€(from 1st albumã€DIZZiNESSã€2017/6/7)
6. ğŸ™ï¸
7. éˆ´æœ¨çœŸæµ·å­ ã€ŒContactã€(from 1st EP ã€DEEP GREENã€2017/6/21)
8. ğŸ™ï¸
9. JAZZ DOMMUNISTERSã€Œã‚ãŸã‚‰ã—ã„æ‚²ã—ã„ãŠçŸ¥ã‚‰ã› feat. I.C.I, OMSBã€(from 2nd album ã€Cupid & Bataille, Dirty Microphoneã€2017/6/7)
10. ğŸ™ï¸
11. Paranelã€Œåƒ•ãŒæ­»ã‚“ã§ã‚‚èª°ã‚‚æ°—ã¥ã‹ãªã„ã€(from 3rd album ã€ã‚¹ãƒ¼ã‚µã‚¤ãƒ‰ã€2017/6/21)
12. VaVa ã€ŒTime Walkerã€(from 1st rap album ã€low mind boiã€2017/6/21)
13. ğŸ™ï¸
14. ã‚¹ãƒãƒ£ãƒ€ãƒ©ãƒ‘ãƒ¼ã¨EGO-WRAPPIN&`& ã€ŒãƒŸã‚¯ãƒ­ãƒœãƒ¼ã‚¤ã¨ãƒã‚°ãƒ­ã‚¬ãƒ¼ãƒ«ã€(from joint single ã€ãƒŸã‚¯ãƒ­ãƒœãƒ¼ã‚¤ã¨ãƒã‚°ãƒ­ã‚¬ãƒ¼ãƒ«ã€2017/5/10)",2749,"* [ã€Œã‚«ãƒãƒˆãƒˆã€](https://itunes.apple.com/jp/album/ã‚«ãƒãƒˆãƒˆ/id1241849734?l=en)
* [ã€ŒJAPANESE YEDO MONKEYã€](http://ototoy.jp/_/default/p/75222)
* [ã€Œç£Šã€](https://itunes.apple.com/jp/album/ç£Š/id1226382387?l=en)
* [ã€ŒDIZZiNESSã€](http://ototoy.jp/_/default/p/75586)
* [ã€ŒDEEP GREENã€](http://ototoy.jp/_/default/p/76409)
* [ã€ŒCupid & Bataille, Dirty Microphoneã€](https://itunes.apple.com/jp/album/cupid-bataille-dirty-microphone/id1240658620?l=en)
* [ã€Œã‚¹ãƒ¼ã‚µã‚¤ãƒ‰ã€](https://itunes.apple.com/jp/album/ã‚¹ãƒ¼ã‚µã‚¤ãƒ‰/id1246727116?l=en)
* [ã€Œlow mind boiã€](http://ototoy.jp/_/default/p/75658)
* [ã€ŒãƒŸã‚¯ãƒ­ãƒœãƒ¼ã‚¤ã¨ãƒã‚°ãƒ­ã‚¬ãƒ¼ãƒ«ã€](http://ototoy.jp/_/default/p/74390)",,2613825092105386502,"{""play"": 1461, ""download"": 61, ""commentCount"": 6}"
35,2017-08-18 00:00:00,Vol. 32 æ—¥å¼å˜»å“ˆåœ°ä¸‹åŸãƒ»FREESTYLE DUNGEON: MONSTERç¯‡ II,mimida,['J-Hip hop'],/images/banners/32.jpg,https://www.lizhi.fm/1913563/2619527691989684742,"1. Tiji Jojoã€ŒDeep Endã€ï¼ˆfrom mixtapeã€ŒBAD HOP ALL DAYã€2016/09/15ï¼‰
2. T-Pablow, YZEERã€ŒLife Styleã€ï¼ˆfrom mixtapeã€ŒBAD HOP ALL DAYã€2016/09/15ï¼‰
3. ğŸ™ï¸
4. YZEER, T-Pablowã€ŒInk Boyzã€ï¼ˆfrom mixtapeã€ŒBAD HOP ALL DAYã€2016/09/15ï¼‰
5. T-Pablow, Yellow Patoã€ŒLibertyã€ï¼ˆfrom mixtapeã€ŒBAD HOP ALL DAYã€2016/09/15ï¼‰
6. ğŸ™ï¸
7. ã‚µã‚¤ãƒ—ãƒ¬ã‚¹ä¸Šé‡ã¨ãƒ­ãƒ™ãƒ«ãƒˆå‰é‡ã€Œã‚¤ãƒ³ãƒˆãƒ­ã€ï¼ˆfrom albumã€Œã‚³ãƒ³ãƒ‰ãƒ«ã€2015/09/15ï¼‰
8. ã‚µã‚¤ãƒ—ãƒ¬ã‚¹ä¸Šé‡ã¨ãƒ­ãƒ™ãƒ«ãƒˆå‰é‡ã€ŒBay Dream ï½ãƒ•ãƒ­ãƒ èª²å¤–æˆæ¥­ï½ã€ï¼ˆfrom albumã€Œãƒ‰ãƒªãƒ¼ãƒ ã€2007/01/26ï¼‰
9. ã‚µã‚¤ãƒ—ãƒ¬ã‚¹ä¸Šé‡ã¨ãƒ­ãƒ™ãƒ«ãƒˆå‰é‡ã€Œæ¨ªæµœ~è—¤æ²¢ é…’å‘‘ã¿ãƒ©ãƒƒãƒ— feat. Deep Sawerã€ï¼ˆfrom albumã€Œãƒ‰ãƒªãƒ¼ãƒ ã€2007/01/26ï¼‰
10. ğŸ™ï¸
11. ã‚µã‚¤ãƒ—ãƒ¬ã‚¹ä¸Šé‡ã¨ãƒ­ãƒ™ãƒ«ãƒˆå‰é‡ã€ŒéŸ³æ¥½éŠã³ feat. Shingoâ˜†è¥¿æˆã€ï¼ˆfrom albumã€Œãƒ‰ãƒªãƒ¼ãƒ ã€2007/01/26ï¼‰
12. ã‚µã‚¤ãƒ—ãƒ¬ã‚¹ä¸Šé‡ã¨ãƒ­ãƒ™ãƒ«ãƒˆå‰é‡ã€ŒWONDER WHEELã€ï¼ˆfrom albumã€ŒWONDER WHEELã€2009/01/21ï¼‰",3015,"* [ã€ŒBAD HOP ALL DAYã€](http://weibo.com/3782251762/FhFO6tNIp?type=comment#_rnd1503063698999)
* [ã€Œã‚³ãƒ³ãƒ‰ãƒ«ã€](http://ototoy.jp/_/default/p/49870)
* [ã€Œãƒ‰ãƒªãƒ¼ãƒ ã€](https://itunes.apple.com/jp/album/ãƒ‰ãƒªãƒ¼ãƒ /id973377197)
* [ã€ŒWonder Wheelã€](http://ototoy.jp/_/default/p/8130)",,2619527691989684742,"{""play"": 1852, ""download"": 41, ""commentCount"": 7}"
36,2017-09-01 00:00:00,Vol. 33 æˆ‘ä»¬æ¥å¬æ–°å”±ç‰‡......and no Hip Hopï¼ï¼ï¼ï¼ï¼ï¼ï¼,mimida,['NEW releases'],/images/banners/33.jpg,https://www.lizhi.fm/1913563/2621842720157413894,"1. Shinichi Atobeï¼ˆè·¡éƒ¨é€²ä¸€ï¼‰ã€ŒRegretã€ï¼ˆfrom 3rd albumã€From The Heart, It's A Start, A Work Of Artã€2017/05/21ï¼‰
2. ğŸ™ï¸
3. ã®ã‚“ã€Œã‚¨ã‚¤ãƒªã‚¢ãƒ³ã‚ºã€ï¼ˆfrom digital singleã€ã‚¨ã‚¤ãƒªã‚¢ãƒ³ã‚ºã€2017/07/19ï¼‰
4. ğŸ™ï¸
5. Negiccoã€Œæ„›ã¯å…‰ã€ï¼ˆfrom 2nd collectionã€Negicco 2011ï½2017 -BEST- 2ã€2017/07/20ï¼‰
6. æ°´æ›œæ—¥ã®ã‚«ãƒ³ãƒ‘ãƒãƒ©ã€Œãƒ”ã‚«ã‚½ã€ï¼ˆfrom digital singleã€ãƒ”ã‚«ã‚½ã€2017/07/28ï¼‰
7. RYUTistã€Œã‚µãƒ³ãƒ‡ã‚£ãƒ¼ã€ï¼ˆfrom 3rd albumã€æŸ³éƒ½èŠ¸å¦“ã€2017/08/01ï¼‰
8. ğŸ™ï¸
9. ä¸€åä¸‰åä¸€ã€ŒVaradero via L.A.ã€ï¼ˆfrom 9th albumã€ECSTASYã€2017/07/19ï¼‰
10. ãƒŠãƒ„ãƒ»ã‚µãƒãƒ¼ã€ŒãµãŸã‚ŠãŒéš£ã«ã„ã‚‹ã“ã¨ã€ï¼ˆfrom 1st albumã€Hello, future dayã€2017/07/05ï¼‰
11. ğŸ™ï¸
12. 3776ã€Œè¦‹ãˆãªã„ã€ŠLINK MIXã€‹Case of ã‚¤ãƒˆã‚¦ãƒ¨ã‚·ãƒãƒªã€ï¼ˆfrom 1st Mix EP of season#4ã€å…¬é–‹å®Ÿé¨“ã€ŠLINK MIXã€‹ã€2017/08/28ï¼‰
13. ãƒ»ãƒ»ãƒ»ãƒ»ãƒ»ãƒ»ãƒ»ãƒ»ãƒ»ã€Œã­ã‡ã€ï¼ˆfrom 2nd singleã€CDã€2017/08/16ï¼‰",3360,"* [ã€ŒFrom The Heart, It's A Start, A Work Of Artã€](https://itunes.apple.com/us/album/from-the-heart-its-a-start-a-work-of-art/id1242586070)
* [ã€Œã‚¨ã‚¤ãƒªã‚¢ãƒ³ã‚ºã€](http://ototoy.jp/_/default/p/77748)
* [ã€Œæ„›ã¯å…‰ã€](https://itunes.apple.com/jp/album/æ„›ã¯å…‰-single/id1254357570)
* [ã€Œãƒ”ã‚«ã‚½ã€](http://ototoy.jp/_/default/p/77687)
* [ã€ŒECSTASYã€](https://itunes.apple.com/jp/album/ecstasy/id1252972172)
* [ã€ŒHello, future dayã€](http://ototoy.jp/_/default/p/76222)
* [ã€Œå…¬é–‹å®Ÿé¨“ã€ŠLINK MIXã€‹ã€](http://ototoy.jp/_/default/p/80210)
* [ã€Œã—ã‚…ã‚ã—ã‚…ã‚EPã€](http://ototoy.jp/_/default/p/70039)",,2621842720157413894,"{""play"": 1186, ""download"": 56, ""commentCount"": 3}"
37,2017-09-22 00:00:00,Vol. 34 æ—¥å¼å˜»å“ˆåœ°ä¸‹åŸãƒ»FREESTYLE DUNGEON: MONSTERç¯‡ III,mimida,['J-Hip hop'],/images/banners/34.jpg,https://www.lizhi.fm/1913563/2624027675254166022,"1. ACEã€Œæœ§æœˆã€œä¸‰ã¤å·´ã€œ feat. R-æŒ‡å®š, è¼ªå…¥é“ã€ï¼ˆfrom 1st albumã€STRAIGHTã€2015/09/23ï¼‰
2. DJ Krushã€Œè‹¥è¼© feat. R-æŒ‡å®šã€ï¼ˆfrom 1st rap albumã€è»Œè·¡ã€2017/06/07ï¼‰
3. ğŸ™ï¸
4. Creepy Nutsã€Œã¿ã‚“ãªã¡ãŒã£ã¦ã€ã¿ã‚“ãªã„ã„ã€‚ã€ï¼ˆfrom 1st mini albumã€ãŸã‚Šãªã„ãµãŸã‚Šã€2016/01/20ï¼‰
5. Creepy Nutsã€Œæœªæ¥äºˆæƒ³å›³ã€ï¼ˆfrom 2nd mini albumã€åŠ©æ¼”ç”·å„ªè³ã€2017/02/01ï¼‰
6. ğŸ™ï¸
7. DOTAMAã€Œç¥ã•ã¾ã«ãªã£ãŸå°‘å¹´ã€ï¼ˆfrom rap sci-fi novel albumã€ãƒ›ãƒ¼ãƒªãƒ¼ãƒ©ãƒ³ãƒ‰ã€2011/01/19ï¼‰
8. DOTAMAã€ŒéŸ³æ¥½ãƒ¯ãƒ«ã‚­ãƒ¥ãƒ¼ãƒ¬ 2ã€ï¼ˆfrom 2nd albumã€ãƒ‹ãƒ¥ãƒ¼ã‚¢ãƒ«ãƒãƒ ã€2015/08/12
9. ğŸ™ï¸
10. Jinmenusagiã€ŒSilence Of The Goatz feat. DOTAMAã€ï¼ˆfrom 2nd albumã€ME2!ã€2013/01/16ï¼‰
11. DOTAMAã€Œã“ã‚“ãªã¶ã£å£Šã‚ŒãŸå›½ã§ã€ï¼ˆfrom 2nd albumã€ãƒ‹ãƒ¥ãƒ¼ã‚¢ãƒ«ãƒãƒ ã€2015/08/12ï¼‰",2647,"* [ã€ŒSTRAIGHTã€](http://ototoy.jp/_/default/p/57458)
* [ã€Œè»Œè·¡ã€](http://ototoy.jp/_/default/p/75763)
* [ã€ŒãŸã‚Šãªã„ãµãŸã‚Šã€](http://ototoy.jp/_/default/p/59038)
* [ã€ŒåŠ©æ¼”ç”·å„ªè³ã€](http://ototoy.jp/_/default/p/79362)
* [ã€Œãƒ›ãƒ¼ãƒªãƒ¼ãƒ©ãƒ³ãƒ‰ã€](http://ototoy.jp/_/default/p/17548)
* [ã€Œãƒ‹ãƒ¥ãƒ¼ã‚¢ãƒ«ãƒãƒ ã€](http://ototoy.jp/_/default/p/54503)
* [ã€ŒME2!ã€](http://ototoy.jp/_/default/p/32063)",,2624027675254166022,"{""play"": 2874, ""download"": 36, ""commentCount"": 2}"
38,2017-10-20 00:00:00,Vol. 35 æ—¥æœ¬ã®Rapè¿›è¡Œæ—¶ 3.o,davidchill,['J-Hip hop'],/images/banners/35.jpg,https://www.lizhi.fm/1913563/2631097193564891142,"1. PUNPEEã€ŒP.U.N.P.(Communication)ã€(from 1st albumã€Modern Timesã€2017/10/04)
2. ğŸ™ï¸
3. RAU DEFã€ŒSTARZ feat.PUNPEEã€(from 4th albumã€UNISEXã€2017/9/27)
4. éŸ»è¸åˆçµ„åˆã€Œãƒãƒƒãƒ—ã‚³ãƒ¼ãƒ³ã€(from 9th album ã€ç‹æ‰‹ã€2017/9/9)
5. ZORNã€Œã„ã„æ„Ÿã˜ã€(from 7th albumã€æŸ´åˆæ—¥è¨˜ã€2017/9/13)
6. ğŸ™ï¸
7. HITã€ŒIF (feat. æ¤¿)ã€(from 1st EPã€Be!! - EPã€2017/7/6)
8. Chelmicoã€ŒDRIVEã€(from EPã€EPã€2017/9/6)
9. ğŸ™ï¸
10. kiLLaã€ŒkiLLaã«æ°—ã‚’ã¤ã‘ãªã€(from 2nd EP ã€kiLLa vol.2 Summerã€2017/7/17)
11. IttÅ x Jinmenusagiã€Œã†ã¡ã‚…ã˜ã‚“ feat. Savvy Williamsã€(from joint album ã€Eternal Timerã€2017/9/6)
12. ğŸ™ï¸
13. ILLNANDES & ENDRUNã€ŒCZN'PASS (feat. ISSUGI)ã€(from joint album ã€CZN'PASSã€2017/9/6)
14. I-DeAã€ŒèŠ±ç±  feat. NORIKIYOã€(from 4th album ã€SWEET HELLã€2017/8/9)
15. ğŸ™ï¸
16. Qiezi Mabo ã€ŒStar Beach Loveã€(from 1st singleã€Star Beach Loveã€2017/7/7)",3049,"* [ã€ŒModern Timesã€](http://ototoy.jp/_/default/p/83937)
* [ã€ŒUNISEXã€](http://ototoy.jp/_/default/p/83403)
* [ã€Œç‹æ‰‹ã€](http://ototoy.jp/_/default/p/80949)
* [ã€ŒæŸ´åˆæ—¥è¨˜ã€](http://ototoy.jp/_/default/p/83532)
* [ã€ŒBe!! - EPã€](https://itunes.apple.com/jp/album/be-ep/id1251282538?l=en)
* [ã€ŒEPã€](http://ototoy.jp/_/default/p/78959)
* [ã€ŒkiLLa vol.2 Summerã€](https://itunes.apple.com/jp/album/killa-vol-2-summer-ep/id1258600624?l=en)
* [ã€ŒEternal Timerã€](http://ototoy.jp/_/default/p/80578)
* [ã€ŒCZN'PASSã€](http://ototoy.jp/_/default/p/79848)
* [ã€ŒSWEET HELLã€](http://ototoy.jp/_/default/p/78632)
* [ã€ŒStar Beach Loveã€](https://itunes.apple.com/jp/album/star-beach-love-single/id1255056195?l=en)",,2631097193564891142,"{""play"": 902, ""download"": 42, ""commentCount"": 0}"
39,2017-11-03 00:00:00,Vol. 36 Rap-Girls' Delight 1ãƒ»æ³‰ã¾ãã‚‰ãƒ»Izumi Makura,stwind,['J-Hip hop'],/images/banners/36.jpg,https://www.lizhi.fm/1913563/2633759744728871430,"1. æ³‰ã¾ãã‚‰ã€Œæ„›ã¨ã‚ˆã¹ã‚ˆ feat. é‡å´ã‚Šã“ã‚“ã€(from 5th albumã€é›ªã¨ç ‚ã€2017/01/25) 
2. tioã€Œã‚ã‹ã‚Š feat. æ³‰ã¾ãã‚‰ã€(from 5th albumã€ANDã€2017/06/07) 
3. ğŸ™ï¸
4. æ³‰ã¾ãã‚‰ã€ŒP.S.ã€(from 4th albumã€ã‚¢ã‚¤ãƒ‡ãƒ³ãƒ†ã‚£ãƒ†ã‚£ãƒ¼ã€2016/09/07) 
5. æ³‰ã¾ãã‚‰ã€Œç¡ãƒãƒ¼ã‚ˆã€(ã€Œä¸–ç•Œç¡çœ ä¼šè­°ã€ä¸»é¢˜æ›² 2016/03/20) 
6. ğŸ™ï¸
7. æ³‰ã¾ãã‚‰ã€Œpinkyã€(from 3rd albumã€æ„›ãªã‚‰ã°çŸ¥ã£ã¦ã„ã‚‹ã€2014/04/22) 
8. æ³‰ã¾ãã‚‰ã€Œå¹»ã€(from 3rd albumã€æ„›ãªã‚‰ã°çŸ¥ã£ã¦ã„ã‚‹ã€2014/04/22) 
9. ğŸ™ï¸
10. æ³‰ã¾ãã‚‰ã€Œreunionã€(from albumã€å’æ¥­ã¨ã€ãã‚Œã¾ã§ã®ã†ã¨ã†ã¨ã€2012/11/29) 
11. æ³‰ã¾ãã‚‰ã€Œæ˜¥ã«ã€(from albumã€å’æ¥­ã¨ã€ãã‚Œã¾ã§ã®ã†ã¨ã†ã¨ã€2012/11/29) ",2395,"* [ã€Œé›ªã¨ç ‚ã€](http://ototoy.jp/_/default/p/70355)
* [ã€ŒANDã€](http://ototoy.jp/_/default/p/75225)
* [ã€Œã‚¢ã‚¤ãƒ‡ãƒ³ãƒ†ã‚£ãƒ†ã‚£ãƒ¼ã€](http://ototoy.jp/_/default/p/65891)
* [ã€Œç¡ãƒãƒ¼ã‚ˆã€](https://soundcloud.com/suiminkaigi/suimmer-yo)
* [ã€Œæ„›ãªã‚‰ã°çŸ¥ã£ã¦ã„ã‚‹ã€](http://ototoy.jp/_/default/p/51508)
* [ã€Œå’æ¥­ã¨ã€ãã‚Œã¾ã§ã®ã†ã¨ã†ã¨ã€](http://ototoy.jp/_/default/p/31329)",,2633759744728871430,"{""play"": 650, ""download"": 33, ""commentCount"": 2}"
40,2017-12-01 00:00:00,Vol. 37 ä¸‹æ½œåˆ°å¶åƒéŸ³ä¹çš„æœ€æ·±å¤„ï¼šå§«ä¹ƒãŸã¾ãƒ»Himeno Tama,mimida,"['NO MUSIC, NO IDOL']",/images/banners/37.jpg,https://www.lizhi.fm/1913563/2638895947941660678,"1. åƒ•ã¨ã‚¸ãƒ§ãƒ«ã‚¸ãƒ¥ã€Œæ‹ã®ã™ã‚ã‚ã€(from 1st albumã€åƒ•ã¨ã‚¸ãƒ§ãƒ«ã‚¸ãƒ¥ã€2015/08/19)  
2. åƒ•ã¨ã‚¸ãƒ§ãƒ«ã‚¸ãƒ¥ã€Œé³¥è¸ã‚“ã˜ã‚ƒã£ãŸã€(from 2nd albumã€åƒ•ã¨ã‚¸ãƒ§ãƒ«ã‚¸ãƒ¥2ã€2017/02/08)  
3. åƒ•ã¨ã‚¸ãƒ§ãƒ«ã‚¸ãƒ¥ã€Œå¤‰ãªæ‹ã€(from 1st albumã€åƒ•ã¨ã‚¸ãƒ§ãƒ«ã‚¸ãƒ¥ã€2015/08/19) 
4. ğŸ™ï¸
5. ã²ã‚ã¨ã¾ã»ã†ã€Œã²ã‚ã¨ã¾ã»ã†ã€(from 1st singleã€ã²ã‚ã¨ã¾ã»ã†ã€2016/05/22) 
6. ã²ã‚ã¨ã¾ã»ã†ã€Œãƒ©ã‚¹ãƒˆã‚µãƒãƒ¼ã€(from 1st singleã€ã²ã‚ã¨ã¾ã»ã†ã€2016/05/22)
7. ğŸ™ï¸
8. å§«ä¹ƒãŸã¾ã€Œno nameã€(from 2nd solo albumã€ã‚‚ã—ã‚‚ã—ã€ä»Šæ—¥ã¯ã©ã†ã ã£ãŸã€2017/08/23)
9. å§«ä¹ƒãŸã¾ã€Œè¨€ã„ãŸã„ã“ã¨ãŒã‚ã‚‹ã‚“ã ã‚ˆã€(from 1st solo albumã€First Orderã€2016/11/23) 
10. å§«ä¹ƒãŸã¾ã€Œã‚„ã™ã‚‰ãã‚¤ãƒ³ãƒ€ãƒã‚¦ã‚¹ã€(from 2nd solo albumã€ã‚‚ã—ã‚‚ã—ã€ä»Šæ—¥ã¯ã©ã†ã ã£ãŸã€2017/08/23)
11. ğŸ™ï¸
12. åƒ•ã¨ã‚¸ãƒ§ãƒ«ã‚¸ãƒ¥ã€Œæ‹ã¨ã„ã†ç—…ã„ã€(from 1st singleã€åƒ•ã¨ã‚¸ãƒ§ãƒ«ã‚¸ãƒ¥2.5ã€2017/02/08) ",2770,"* [ã€Œåƒ•ã¨ã‚¸ãƒ§ãƒ«ã‚¸ãƒ¥ã€](https://ototoy.jp/_/default/p/60050)
* [ã€Œåƒ•ã¨ã‚¸ãƒ§ãƒ«ã‚¸ãƒ¥2ã€](https://itunes.apple.com/us/album/åƒ•ã¨ã‚¸ãƒ§ãƒ«ã‚¸ãƒ¥2/1300049949)
* [ã€Œåƒ•ã¨ã‚¸ãƒ§ãƒ«ã‚¸ãƒ¥2.5ã€](https://itunes.apple.com/us/album/åƒ•ã¨ã‚¸ãƒ§ãƒ«ã‚¸ãƒ¥2-5/1300023069)
* [ã€Œã²ã‚ã¨ã¾ã»ã†ã€](https://ototoy.jp/_/default/p/62854)
* [ã€ŒFirst Orderã€](https://itunes.apple.com/jp/album/first-order/id1300028612)
* [ã€Œã‚‚ã—ã‚‚ã—ã€ä»Šæ—¥ã¯ã©ã†ã ã£ãŸã€](https://itunes.apple.com/jp/album/%E3%82%82%E3%81%97%E3%82%82%E3%81%97-%E4%BB%8A%E6%97%A5%E3%81%AF%E3%81%A9%E3%81%86%E3%81%A0%E3%81%A3%E3%81%9F/1300052868)",,2638895947941660678,"{""play"": 1747, ""download"": 30, ""commentCount"": 1}"
41,2018-01-15 00:00:00,ç‰¹åˆ«æ”¾é€ãƒ»(SUB)J-POPå¹´åº¦ä½³ä½œMIX 2017,mimida,['Special'],/images/banners/2017-jpop.jpg,https://www.lizhi.fm/1913563/2646885476170841606,"1. tofubeatsã€ŒBABYã€(from major 3rd albumã€FANTASY CLUBã€2017/5/24)
2. Yogee New Wavesã€ŒHow Do You Feel?ã€(from 2nd albumã€WAVESã€2017/5/17)
3. CRZKNYã€Œ[ in the darkâ€¦. ] SAMPLE MIXã€(from 3rd albumã€MERIDIANã€2017/4/1)
4. ã‚«ãƒã‚³ã‚¢ãƒ¤ãƒã€Œã‚¤ãƒ¡ãƒ¼ã‚¸ã®ã†ãŸã€(from live albumã€LIVE AT ZAMZA ASAGAYAã€2017/3/8)
5. ãƒŠãƒ„ãƒ»ã‚µãƒãƒ¼ã€ŒHello, future dayã€(from 1st albumã€Hello, future dayã€2017/7/5)
6. ä¸€åä¸‰åä¸€ã€ŒSerpent Coasterã€(from 9th albumã€ECSTASYã€2017/7/19)
7. ZOMBIE-CHANGã€ŒTOKITOKIã€(from 2nd albumã€GANG!ã€2017/3/3)
8. Young Juvenile Youthã€ŒWhen (feat. Campanella)ã€(from 1st albumã€mirrorã€2017/11/22)
9. æ°´æ›œæ—¥ã®ã‚«ãƒ³ãƒ‘ãƒãƒ©ã€Œã‚«ãƒ¡ãƒãƒ¡ãƒå¤§ç‹ã€(from major 1st albumã€SUPERMANã€2017/2/8)
10. é›»æ°—ã‚°ãƒ«ãƒ¼ãƒ´ã€Œãƒˆãƒ­ãƒ”ã‚«ãƒ«ãƒ»ãƒ©ãƒ´ / TROPICAL LOVEã€(from 13th albumã€TROPICAL LOVEã€2017/3/1)",2539,,,2646885476170841606,"{""play"": 724, ""download"": 32, ""commentCount"": 3}"
42,2018-01-15 00:00:00,ç‰¹åˆ«æ”¾é€ãƒ»ä¹æ›²æ´¾å¶åƒå¹´åº¦ä½³ä½œMIX 2017,mimida,['Special'],/images/banners/2017-idol.jpg,https://www.lizhi.fm/1913563/2647080523520494598,"1. Prologue: ã“ã“ã¯ç§‹è‘‰åŸã§ã™ã‹ï¼Ÿï¼ˆIs Here Akihabara?ï¼‰
2. ã‚†ã‚‹ã‚ã‚‹ãƒ¢!ã€Œæ­©ãã®é…ã„çŠ¬ã€(from 3rd albumã€YOUTOPIAã€2017/11/29)
3. Maison book girlã€Œsin morningã€(from major 1st albumã€imageã€2017/4/5)
4. ãƒ»ãƒ»ãƒ»ãƒ»ãƒ»ãƒ»ãƒ»ãƒ»ãƒ»ã€Œã‚¹ãƒ©ã‚¤ãƒ‰ã€(from 2nd singleã€CDã€2017/8/16)
5. ç§ç«‹æµæ¯”å¯¿ä¸­å­¦ã€Œç´…ã®è©©ã€(from major 4th albumã€ã‚¨ãƒ“ã‚¯ãƒ©ã‚·ãƒ¼ã€2017/5/31)
6. Interlude: OH MY LOVELY PRINCESS!!
7. æ¸… ç«œäºº25ã€Œ25â™¡ã€(from 2nd albumã€WIFEã€2017/4/12)
8. RYUTistã€Œæƒ³ã„å‡ºã¯ãƒ—ãƒ­ãƒ­ãƒ¼ã‚°ã€(from 3rd albumã€æŸ³éƒ½èŠ¸å¦“ã€2017/8/1)
9. 3776ã€Œå³èˆˆæ›²160824[æ°´æ›œå…ƒæ°—åºƒå ´#11]ã€Šç“”çã€å²©å¸‚ã€‹ã€(from live albumã€å³èˆˆæ›²é›†ç¬¬ä¸€é›†ã€2017/3/29)
10. xoxo(Kiss&Hug) EXTREMEã€Œé¬±ã€‚â€‹-â€‹utstu-ã€(from 2nd singleã€é¬±ã€‚â€‹-â€‹utstu-ã€2017/11/8)
11. MIGMA SHELTERã€ŒMo' Strainã€(from 2nd singleã€Amazing Flowã€2017/10/20)
12. sora tob sakanaã€Œå¤œé–“é£›è¡Œã€(from 1st EPã€cocoon epã€2017/4/11)
13. Epilogue: ã‚‚ã†ä¸€å›ï¼ˆOne More Timeï¼‰",2905,,,2647080523520494598,"{""play"": 1113, ""download"": 27, ""commentCount"": 0}"
43,2018-01-15 08:19:45,ç‰¹åˆ«æ”¾é€ãƒ»J-HIP HOPå¹´åº¦ä½³ä½œMIX 2017,davidchill,['Special'],/images/banners/2017-jhiphop.jpg,https://www.lizhi.fm/1913563/2646723104925875206,"1. JJJã€ŒDANCE SHOESã€fromã€HIKARIã€(FL$Nation/AWDR/LR2, 2017/2/22)
2. ROCKASENã€ŒDeezã€fromã€Two Sides ofã€(ASSASSIN OF YOUTH, 2017/2/17) 
3. JAZZ DOMMUNISTERSã€ŒRiot In Chocolate Logosã€ã€Cupid & Bataille, Dirty Microphoneã€(TABOO, 2017/6/7)
4. PUNPEEã€ŒBitch Planet feat. RAU DEFã€fromã€MODERN TIMESã€(SUMMIT, 2017/10/4)
5. å”¾å¥‡ Ã— Sweet Williamã€ŒProfileã€fromã€Jasmineã€(Manhattan Recordings, 2017/4/19)
6. BAD HOPã€Œã“ã‚Œä»¥å¤– feat YZERR & Tiji Jojoã€fromã€Mobb Lifeã€(BAD HOP / KSR Corp., 2017/9/6)
7. ã‚†ã‚‹ãµã‚ã‚®ãƒ£ãƒ³ã‚°ã€ŒSad But Goodã€fromã€Mars Ice Houseã€(Mary Joy Recordings, 2017/4/5) 
8. NENEã€Œç¨¼ãå¥³ã€fromã€NENEã€(Mary Joy Recordings, 2017/12/6)
9. YDIZZYã€ŒTOKYOã€fromã€DIZZiNESSã€(bpm tokyo, 2017/6/7)
10. JJJã€ŒBABE feat. é‹¼ç”°ãƒ†ãƒ•ãƒ­ãƒ³ã€fromã€HIKARIã€(FL$Nation/AWDR/LR2, 2017/2/22)
11. å”¾å¥‡ Ã— Sweet Williamã€ŒLet meã€fromã€Jasmineã€(Manhattan Recordings, 2017/4/19)",2119,,,2646723104925875206,"{""play"": 1453, ""download"": 23, ""commentCount"": 1}"
44,2018-01-26 00:00:00,Vol. 38 æ‘©ç™»è€Œæ€€æ—§ãƒ»å¤šæ‰è€Œå¹³å‡¡ï¼šå˜»å“ˆå¤©æ‰PUNPEE,minami,['J-Hip hop'],/images/banners/38.jpg,https://www.lizhi.fm/1913563/2649306396758064646,"1. PUNPEEã€Œ2057ã€(from 1st albumã€Modern Timesã€2017/10/04) 
2. PUNPEEã€ŒLovely Manã€(from 1st albumã€Modern Timesã€2017/10/04)  
3. PUNPEEã€Œå®‡å®™ã«è¡Œãã€(from 1st albumã€Modern Timesã€2017/10/04) 
4. ğŸ™ï¸
5. PUNPEEã€ŒRenaissanceã€(from 1st albumã€Modern Timesã€2017/10/04) 
6. PUNPEEã€ŒScenario (Film)ã€(from 1st albumã€Modern Timesã€2017/10/04)
7. ğŸ™ï¸
8. PUNPEEã€Œã‚¿ã‚¤ãƒ ãƒã‚·ãƒ¼ãƒ³ã«ã®ã£ã¦ã€(from 1st albumã€Modern Timesã€2017/10/04)
9. PUNPEEã€ŒHeroã€(from 1st albumã€Modern Timesã€2017/10/04) 
10. ğŸ™ï¸
11. Sugbabeã€Œå¤ä¼‘ã¿ (å®µ) feat. PUNPEEã€(from rental albumã€RENTALâ€™Sã€2017/09/20)",3006,"* [ã€ŒModern Timesã€](https://ototoy.jp/_/default/p/83937)
* [ã€ŒModern Timesã€](https://itunes.apple.com/cn/album/modern-times/1291839477)",,2649306396758064646,"{""play"": 1952, ""download"": 40, ""commentCount"": 2}"
45,2018-03-09 00:00:00,Vol. 39 The Man from Yosemiyaãƒ»å†²ç»³Rapperå”¾å¥‡,davidchill,['J-Hip hop'],/images/banners/39.jpg,https://www.lizhi.fm/1913563/2656073278793729542,"1. å”¾å¥‡Ã—Sweet Williamã€ŒMade My Dayã€(from 1st joint albumã€Jasmineã€2017/04/19)
2. Sweet Williamã€ŒJust thing (feat. å”¾å¥‡)ã€(from EPã€Blueã€2017/12/13)
3. å”¾å¥‡Ã—Sweet Williamã€ŒThe girl from Yosemiyaã€(from 1st joint albumã€Jasmineã€2017/04/19)
4. ğŸ™ï¸
5. å”¾å¥‡ã€ŒKikuzato prod.TNGã€(from 12â€ vinyl EPã€é“-TAO-ã€2017/12/23)
6. å”¾å¥‡ã€ŒThankS - LuvSicK (seba Blend)ã€(digital single 2017/01/23)
7. ğŸ™ï¸
8. DJ HASEBEã€ŒROOM VACATION feat. å”¾å¥‡ & ãŠã‹ã‚‚ã¨ãˆã¿ã€(from Mix CDã€Manhattan Records ""CITY HIP POP MIX"" mixed by DJ HASEBEã€2017/07/26)
9. å”¾å¥‡ã€Œä¸ƒæ—¥å¾Œã€(from collection albumã€Pitch Odd Mansion & MS Entertainment Presents ""2 HORNS CITY #2 -Rain Library-""ã€2018/01/31)
10. ğŸ™ï¸
11. HANGÃ—å”¾å¥‡ã€ŒGood Dayã€(from 1st joint albumã€glitsmotelã€2017/08/19)
12. HANGÃ—å”¾å¥‡ã€Œi Believe (prod.Sweet William)ã€(from 1st joint albumã€glitsmotelã€2017/08/19)
13. ğŸ™ï¸
14. DJ KEN KANEKOã€Œè™¹ (feat. å”¾å¥‡ & SHADY)ã€(digital single 2017/08/25)",2590,"* [ã€ŒJasmineã€](https://ototoy.jp/_/default/p/73651)
* [ã€ŒBlueã€](https://ototoy.jp/_/default/p/93057)
* [ã€Œé“-TAO-ã€](http://diskunion.net/clubh/ct/detail/1007420412)
* [ã€ŒManhattan Records ""CITY HIP POP MIX"" mixed by DJ HASEBEã€](http://manhattanrecords.jp/CITY+HIP+POP+MIX+-SPECIAL+CHAPTER-/product/0/4560230527044/?cat=&swrd=)
* [ã€ŒPitch Odd Mansion & MS Entertainment Presents ""2 HORNS CITY #2 -Rain Library-""ã€](http://www.msrecord.co.jp/2hornscity/2.htmlhttps://itunes.apple.com/jp/album/be-ep/id1251282538?l=en)
* [ã€Œè™¹ (feat. å”¾å¥‡ & SHADY)ã€](https://ototoy.jp/_/default/p/80071)",,2656073278793729542,"{""play"": 4266, ""download"": 29, ""commentCount"": 3}"
46,2018-04-27 00:00:00,Vol. 40 Internetéƒ½ä¼šå’Œæ²™ä¸˜ãƒ»ç½‘ç»œç”µéŸ³å‚ç‰ŒMaltine Records,stwind,['la bel la label'],/images/banners/40.jpg,https://www.lizhi.fm/1913563/2665827134497361926,"1. Porter Robinsonã€ŒFlicker (BUGLOUD Remix)ã€(from [MARU137] Porter Robinsonã€Re:Flickerã€2014/10/24)
2. ãƒ©ãƒ–ãƒªãƒ¼ã‚µãƒãƒ¼ã¡ã‚ƒã‚“ ã¨ èŠ³å·ã‚ˆã—ã®ã€Œã¯ã˜ã‚ã¾ã—ã¦ã€(from [MARU-130] ãƒ©ãƒ–ãƒªãƒ¼ã‚µãƒãƒ¼ã¡ã‚ƒã‚“ ã¨ èŠ³å·ã‚ˆã—ã®ã€ã¯ã˜ã‚ã¾ã—ã¦ã€2014/04/02)
3. ğŸ™ï¸
4. LLLLã€Œãµã¨å…¨ã¦å¤¢ã¨çŸ¥ã£ãŸ Feat. ã‚ã® from ã‚†ã‚‹ã‚ã‚‹ãƒ¢ï¼ã€(from [MARU-145] LLLLã€Cruelã€2015/07/27)
5. bo enã€Œwinter valentine (with mus.hiba)ã€(from [MARU-123] bo enã€pale machineã€2013/09/06)
6. ğŸ™ï¸
7. Miiiã€ŒSTAR [Miii Remix]ã€(from [SKLxMARU-001] TOKIYA SAKBA x Houxo Que x MEISHI SMILEã€STARã€2014/10/11)
8. Avec Avecã€ŒãŠã—ãˆã¦ã€(from [MARU-107] Avec Avecã€ãŠã—ãˆã¦ã€2012/06/20)
9. ğŸ™ï¸
10. imoutoidã€ŒADEPRESSIVE CANNOT GOTO THECEREMONY part 1ã€(from [MARU-014] imoutoidã€ADEPRESSIVE CANNOT GOTO THECEREMONYã€2007/10/24)
11. dj newtownã€Œgoodbye dj newtownã€(from [MARU-024] dj newtownã€Flying between stars (*she is a girl)ã€2008/07/21)
12. Charlotã€Œlost decade reconstructionã€(from [MARU-125] tofubeatsã€lost decade remixesã€2013/09/19)",2867,* [å…¨éƒ¨ä¸“è¾‘å®˜æ–¹å…è´¹ä¸‹è½½åœ°å€](http://maltinerecords.cs8.biz/release.html),,2665827134497361926,"{""play"": 322, ""download"": 16, ""commentCount"": 1}"
47,2018-05-18 00:00:00,Vol. 41 ä¹æ›²æ´¾å¶åƒåä¸ƒå˜åŒ–ï¼ˆä¸Šï¼‰,mimida,"['NO MUSIC, NO IDOL']",/images/banners/41.jpg,https://www.lizhi.fm/1913563/2669516567233314310,"1. Aoi Yagawa prod. Tomgggã€ŒON THE LINEã€(from digital singleã€ON THE LINEã€2017/10/10)
2. ä»£ä»£ä»£ã€ŒGIRLS TALK IN CHINAã€(from mini albumã€æˆŒæˆŒæˆŒã€2018/03/14)
3. ğŸ™ï¸
4. ãƒ‘ãƒ³ãƒ€ã¿ã£ãã€Œå¥½ããªæ›œæ—¥ã¯xxã€(from 1st singleã€å¥½ããªæ›œæ—¥ã¯xxã€2017/11/29)
5. ãƒ¤ãªã“ã¨ãã£ã¨ãƒŸãƒ¥ãƒ¼ãƒˆã€ŒPaletteã€(from 2nd albumã€MIRRORSã€2018/05/03)
6. ğŸ™ï¸
7. å½¼å¥³ã®ã‚µãƒ¼ãƒ– & ãƒ¬ã‚·ãƒ¼ãƒ–ã€ŒRacket Love (é•·è°·å·ç™½ç´™ REMIX)ã€(remix of CDR singleã€Racket Love (ä»®ãƒŸãƒƒã‚¯ã‚¹)ã€2017/11/06)
8. FAREWELL, MY L.u.vã€ŒNAGOYA ZOOOooo - FAREWELL, MY D.u.bã€(limited bonus disc of 2nd singleã€NAGOYA ZOOã€2018/01/03)
9. ğŸ™ï¸
10. There There Theresã€ŒSOILã€(from 3rd singleã€SOILã€2018/02/10)
11. Migma Shelterã€ŒGIPSã€(from 1st EPã€ORBIT EPã€2017/12/27)",2961,"* [ã€ŒON THE LINEã€](http://maltinerecords.cs8.biz/marui9/)
* [ã€ŒGIRLS TALK IN CHINAã€](https://daidaidai-du.bandcamp.com/track/girls-talk-in-china)
* [ã€Œå¥½ããªæ›œæ—¥ã¯xxã€](https://ototoy.jp/_/default/p/88435)
* [ã€ŒMIRRORSã€](https://ototoy.jp/_/default/p/101711)
* [ã€ŒSOILã€](https://ototoy.jp/_/default/p/98179)
* [ã€ŒORBIT EPã€](https://ototoy.jp/_/default/p/98178)",,2669516567233314310,"{""play"": 676, ""download"": 32, ""commentCount"": 1}"
48,2018-06-29 00:00:00,Vol. 42 Get Ur Beats On 1ãƒ»Sweet William,davidchill,['J-Hip hop'],/images/banners/42.jpg,https://www.lizhi.fm/1913563/2677785371517132294,"1. m-floã€ŒHow You Like Me Now (Sweet William Remix)ã€(from remix albumã€BACK2THEFUTURETHEALBUMã€2018/02/28)
2. Sweet Williamã€ŒSky lady feat. Jinmenusagi Itto & Kikivivililyã€(from album ã€Arte Frascoã€2016/10/05)
3. ğŸ™ï¸
4. Sweet Williamã€ŒF.R.E.S.H.M.E.N. Meets Drumsã€(from albumã€LO ONEã€2015/02/16)
5. å”¾å¥‡ Ã— Sweet Williamã€Œ Let Meã€(from joint albumã€Jasmineã€2017/04/19)
6. Sweet Williamã€Œå¤ªé™½ã®èƒŒå¾Œã€ (from album ã€Arte Frascoã€2016/10/05)
7. ğŸ™ï¸
8. Sweet Williamã€ŒAct like yours (feat ã‚µãƒˆã‚¦ãƒ¦ã‚¦ãƒ¤ & ANPYO)ã€(from EPã€Blueã€2017/12/13)
9. å”¾å¥‡ Ã— Sweet Williamã€ŒMade My Dayã€(from joint albumã€Jasmineã€2017/04/19)
10. Sweet Williamã€ŒJet pilot (Awakening Freaks Remix) feat. NF Zesshoã€(from EPã€Orangeã€2016/11/12)
11. ğŸ™ï¸
12. Jiva Nel Mondo Ã— Sweet Williamã€ŒOdd Thing (Lightnight Remix)ã€(from joint albumã€MONDO CREATEã€ 2016/06/11)
13. Sweet Williamã€ŒJust thing (feat. å”¾å¥‡)ã€(from EPã€Blueã€2017/12/13)
14. Sweet Williamã€ŒHe's Coming Home !ã€(from album ã€Arte Frascoã€2016/10/05)
15. ğŸ™ï¸
16. å”¾å¥‡ã€ŒWalkin prod.Sweet Williamã€(from EPã€é“-TAO-ã€CD reissue: 2018/03/23)",2554,"* [ã€ŒBACK2THEFUTURETHEALBUMã€](https://ototoy.jp/_/default/p/96703)
* [ã€ŒArte Frascoã€](https://ototoy.jp/_/default/p/93060)
* [ã€ŒLO ONEã€](https://ototoy.jp/_/default/p/93078)
* [ã€ŒJasmineã€](https://ototoy.jp/_/default/p/73651)
* [ã€ŒBlueã€](https://ototoy.jp/_/default/p/93057)
* [ã€ŒOrangeã€](https://ototoy.jp/_/default/p/93059)
* [ã€ŒMONDO CREATEã€](https://ototoy.jp/_/default/p/93079)
* [ã€Œé“-TAO-ã€](http://diskunion.net/clubh/ct/detail/1007557915)",,2677785371517132294,"{""play"": 1342, ""download"": 25, ""commentCount"": 10}"
49,2021-04-07 00:00:00,å¤§æ³·å’ä¸€ã€Šé•¿å‡ã€‹ç ”è®¨ä¼š,mimida,['S02'],/images/banners/s2/1.jpg,https://www.lizhi.fm/1913563/5171736186133723654,,2670,,"- 03:30 å¤§æ³·å’ä¸€ç®€ä»‹
- 05:15 ä»æ¨±æ¡ƒå°ä¸¸å­åˆ°èŒƒæ™“è±
- 09:55 ç›¸çº¦ 98ï¼šã€Šæ—¥ä¹‹éŸµã€‹å’Œç›—ç‰ˆ VCD
- 21:20 ç¡¬ä»å¤§æ³·å’ä¸€æ‰¯åˆ°ã€Šé¬¼ç­ä¹‹åˆƒã€‹
- 24:01 ã€Šé•¿å‡ã€‹ï¼Œä»ç»˜æœ¬å¼€å§‹
- 26:23 ä¸¤ä¸ªã€Šé•¿å‡ã€‹ä¸€ç»„å’Œå¼¦ï¼ˆæˆ‘æ¥å¼¹å‰ä»–è¯´æ˜ä¸€ä¸‹ï¼‰
- 27:05 å±±ä¸‹è¾¾éƒè¯´ä»–æ²¡æ‹¿åˆ°ä¸€åˆ†é’±ç‰ˆç¨
- 38:16 ä» Sheb Wooley åˆ°è§£æ™“ä¸œ",5171736186133723654,"{""play"": 447, ""download"": 6, ""commentCount"": 0}"
50,2021-04-15 00:00:00,å¤§æ³·å’ä¸€ã€Šé•¿å‡ã€‹ç ”è®¨ä¼šãƒ»ç»­æ‘Š,mimida,['S02'],/images/banners/s2/2.jpg,https://www.lizhi.fm/1913563/5173257961761595398,,3773,,"- 01:40 ã€Šé•¿å‡ã€‹é‡Œæˆ‘æœ€å–œæ¬¢çš„ä¸€é¦–æ­Œä¹‹è€³ç”°ç¯‡
- 10:26 ã€Šé•¿å‡ã€‹é‡Œæˆ‘æœ€å–œæ¬¢çš„ä¸€é¦–æ­Œä¹‹çº¢æˆ¿ç¯‡
- 18:30 ã€Šé•¿å‡ã€‹é‡Œæˆ‘æœ€å–œæ¬¢çš„ä¸€é¦–æ­Œä¹‹æ‚¨å¥½ç¯‡
- 25:30 ã€Šé•¿å‡ã€‹é‡Œæˆ‘æœ€å–œæ¬¢çš„ä¸€é¦–æ­Œä¹‹å®‰è—¤ç¯‡
- 29:35 1981 å¹´çš„å¤§æ³·å’ä¸€ã€YMOã€INU ä¸‰é€‰ä¸€ï¼Ÿ
- 32:54 æµåª’ä½“è§£ç¦å’Œå¤§æ³·å’ä¸€æ’­å•
- 36:47 å”±ç‰‡å°å¥—çš„æ„ŸæŸ“åŠ›
- 39:15 City Popâ€œæ— äººåŒºâ€
- 41:41 æ±¤æ‘è¾‰å½¦çš„é‡å¤§è´¡çŒ®
- 46:14 1990 å¹´ä»£çš„å¤§æ³·å’ä¸€
- 53:02 Billie Eilish æ—¶ä»£çš„å¤§æ³·å’ä¸€",5173257961761595398,"{""play"": 315, ""download"": 1, ""commentCount"": 0}"
